Date,Model,Actual,Probability,Prediction
2022-01-03,Elastic-Net Logistic,0,0.5594781592816633,1
2022-01-04,Elastic-Net Logistic,0,0.5594781592816633,1
2022-01-05,Elastic-Net Logistic,0,0.5594781592816633,1
2022-01-06,Elastic-Net Logistic,0,0.5594781592816633,1
2022-01-07,Elastic-Net Logistic,0,0.5594781592816633,1
2022-01-10,Elastic-Net Logistic,1,0.5594781592816633,1
2022-01-11,Elastic-Net Logistic,1,0.5594781592816633,1
2022-01-12,Elastic-Net Logistic,0,0.5594781592816633,1
2022-01-13,Elastic-Net Logistic,1,0.5594781592816633,1
2022-01-14,Elastic-Net Logistic,0,0.5594781592816633,1
2022-01-18,Elastic-Net Logistic,0,0.5594781592816633,1
2022-01-19,Elastic-Net Logistic,0,0.5594781592816633,1
2022-01-20,Elastic-Net Logistic,0,0.5594781592816633,1
2022-01-21,Elastic-Net Logistic,1,0.5594781592816633,1
2022-01-24,Elastic-Net Logistic,0,0.5594781592816633,1
2022-01-25,Elastic-Net Logistic,0,0.5594781592816633,1
2022-01-26,Elastic-Net Logistic,0,0.5594781592816633,1
2022-01-27,Elastic-Net Logistic,1,0.5594781592816633,1
2022-01-28,Elastic-Net Logistic,1,0.5594781592816633,1
2022-01-31,Elastic-Net Logistic,1,0.5594781592816633,1
2022-02-01,Elastic-Net Logistic,1,0.5594781592816633,1
2022-02-02,Elastic-Net Logistic,0,0.5594781592816633,1
2022-02-03,Elastic-Net Logistic,1,0.5594781592816633,1
2022-02-04,Elastic-Net Logistic,0,0.5594781592816633,1
2022-02-07,Elastic-Net Logistic,1,0.5594781592816633,1
2022-02-08,Elastic-Net Logistic,1,0.5594781592816633,1
2022-02-09,Elastic-Net Logistic,0,0.5594781592816633,1
2022-02-10,Elastic-Net Logistic,0,0.5594781592816633,1
2022-02-11,Elastic-Net Logistic,0,0.5594781592816633,1
2022-02-14,Elastic-Net Logistic,1,0.5594781592816633,1
2022-02-15,Elastic-Net Logistic,1,0.5594781592816633,1
2022-02-16,Elastic-Net Logistic,0,0.5594781592816633,1
2022-02-17,Elastic-Net Logistic,0,0.5594781592816633,1
2022-02-18,Elastic-Net Logistic,0,0.5594781592816633,1
2022-02-22,Elastic-Net Logistic,0,0.5594781592816633,1
2022-02-23,Elastic-Net Logistic,1,0.5594781592816633,1
2022-02-24,Elastic-Net Logistic,1,0.5594781592816633,1
2022-02-25,Elastic-Net Logistic,0,0.5594781592816633,1
2022-02-28,Elastic-Net Logistic,0,0.5594781592816633,1
2022-03-01,Elastic-Net Logistic,1,0.5594781592816633,1
2022-03-02,Elastic-Net Logistic,0,0.5594781592816633,1
2022-03-03,Elastic-Net Logistic,0,0.5594781592816633,1
2022-03-04,Elastic-Net Logistic,0,0.5594781592816633,1
2022-03-07,Elastic-Net Logistic,0,0.5594781592816633,1
2022-03-08,Elastic-Net Logistic,1,0.5594781592816633,1
2022-03-09,Elastic-Net Logistic,0,0.5594781592816633,1
2022-03-10,Elastic-Net Logistic,0,0.5594781592816633,1
2022-03-11,Elastic-Net Logistic,0,0.5594781592816633,1
2022-03-14,Elastic-Net Logistic,1,0.5594781592816633,1
2022-03-15,Elastic-Net Logistic,1,0.5594781592816633,1
2022-03-16,Elastic-Net Logistic,1,0.5594781592816633,1
2022-03-17,Elastic-Net Logistic,1,0.5594781592816633,1
2022-03-18,Elastic-Net Logistic,0,0.5594781592816633,1
2022-03-21,Elastic-Net Logistic,1,0.5594781592816633,1
2022-03-22,Elastic-Net Logistic,0,0.5594781592816633,1
2022-03-23,Elastic-Net Logistic,1,0.5594781592816633,1
2022-03-24,Elastic-Net Logistic,1,0.5594781592816633,1
2022-03-25,Elastic-Net Logistic,1,0.5594781592816633,1
2022-03-28,Elastic-Net Logistic,1,0.5594781592816633,1
2022-03-29,Elastic-Net Logistic,0,0.5594781592816633,1
2022-03-30,Elastic-Net Logistic,0,0.5594781592816633,1
2022-03-31,Elastic-Net Logistic,1,0.5594781592816633,1
2022-04-01,Elastic-Net Logistic,1,0.5594781592816633,1
2022-04-04,Elastic-Net Logistic,0,0.5594781592816633,1
2022-04-05,Elastic-Net Logistic,0,0.5594781592816633,1
2022-04-06,Elastic-Net Logistic,1,0.5594781592816633,1
2022-04-07,Elastic-Net Logistic,0,0.5594781592816633,1
2022-04-08,Elastic-Net Logistic,0,0.5594781592816633,1
2022-04-11,Elastic-Net Logistic,0,0.5594781592816633,1
2022-04-12,Elastic-Net Logistic,1,0.5594781592816633,1
2022-04-13,Elastic-Net Logistic,0,0.5594781592816633,1
2022-04-14,Elastic-Net Logistic,1,0.5594781592816633,1
2022-04-18,Elastic-Net Logistic,1,0.5594781592816633,1
2022-04-19,Elastic-Net Logistic,0,0.5594781592816633,1
2022-04-20,Elastic-Net Logistic,0,0.5594781592816633,1
2022-04-21,Elastic-Net Logistic,0,0.5594781592816633,1
2022-04-22,Elastic-Net Logistic,1,0.5594781592816633,1
2022-04-25,Elastic-Net Logistic,0,0.5594781592816633,1
2022-04-26,Elastic-Net Logistic,1,0.5594781592816633,1
2022-04-27,Elastic-Net Logistic,1,0.5594781592816633,1
2022-04-28,Elastic-Net Logistic,0,0.5594781592816633,1
2022-04-29,Elastic-Net Logistic,1,0.5594781592816633,1
2022-05-02,Elastic-Net Logistic,1,0.5594781592816633,1
2022-05-03,Elastic-Net Logistic,1,0.5594781592816633,1
2022-05-04,Elastic-Net Logistic,0,0.5594781592816633,1
2022-05-05,Elastic-Net Logistic,0,0.5594781592816633,1
2022-05-06,Elastic-Net Logistic,0,0.5594781592816633,1
2022-05-09,Elastic-Net Logistic,1,0.5594781592816633,1
2022-05-10,Elastic-Net Logistic,0,0.5594781592816633,1
2022-05-11,Elastic-Net Logistic,0,0.5594781592816633,1
2022-05-12,Elastic-Net Logistic,1,0.5594781592816633,1
2022-05-13,Elastic-Net Logistic,0,0.5594781592816633,1
2022-05-16,Elastic-Net Logistic,1,0.5594781592816633,1
2022-05-17,Elastic-Net Logistic,0,0.5594781592816633,1
2022-05-18,Elastic-Net Logistic,0,0.5594781592816633,1
2022-05-19,Elastic-Net Logistic,1,0.5594781592816633,1
2022-05-20,Elastic-Net Logistic,1,0.5594781592816633,1
2022-05-23,Elastic-Net Logistic,0,0.5594781592816633,1
2022-05-24,Elastic-Net Logistic,1,0.5594781592816633,1
2022-05-25,Elastic-Net Logistic,1,0.5594781592816633,1
2022-05-26,Elastic-Net Logistic,1,0.5594781592816633,1
2022-05-27,Elastic-Net Logistic,0,0.5594781592816633,1
2022-05-31,Elastic-Net Logistic,0,0.5594781592816633,1
2022-06-01,Elastic-Net Logistic,1,0.5594781592816633,1
2022-06-02,Elastic-Net Logistic,0,0.5594781592816633,1
2022-06-03,Elastic-Net Logistic,1,0.5594781592816633,1
2022-06-06,Elastic-Net Logistic,1,0.5594781592816633,1
2022-06-07,Elastic-Net Logistic,0,0.5594781592816633,1
2022-06-08,Elastic-Net Logistic,0,0.5594781592816633,1
2022-06-09,Elastic-Net Logistic,0,0.5594781592816633,1
2022-06-10,Elastic-Net Logistic,0,0.5594781592816633,1
2022-06-13,Elastic-Net Logistic,0,0.5594781592816633,1
2022-06-14,Elastic-Net Logistic,1,0.5594781592816633,1
2022-06-15,Elastic-Net Logistic,0,0.5594781592816633,1
2022-06-16,Elastic-Net Logistic,1,0.5594781592816633,1
2022-06-17,Elastic-Net Logistic,1,0.5594781592816633,1
2022-06-21,Elastic-Net Logistic,0,0.5594781592816633,1
2022-06-22,Elastic-Net Logistic,1,0.5594781592816633,1
2022-06-23,Elastic-Net Logistic,1,0.5594781592816633,1
2022-06-24,Elastic-Net Logistic,0,0.5594781592816633,1
2022-06-27,Elastic-Net Logistic,0,0.5594781592816633,1
2022-06-28,Elastic-Net Logistic,0,0.5594781592816633,1
2022-06-29,Elastic-Net Logistic,0,0.5594781592816633,1
2022-06-30,Elastic-Net Logistic,1,0.5594781592816633,1
2022-07-01,Elastic-Net Logistic,1,0.5594781592816633,1
2022-07-05,Elastic-Net Logistic,1,0.5594781592816633,1
2022-07-06,Elastic-Net Logistic,1,0.5594781592816633,1
2022-07-07,Elastic-Net Logistic,0,0.5594781592816633,1
2022-07-08,Elastic-Net Logistic,0,0.5594781592816633,1
2022-07-11,Elastic-Net Logistic,0,0.5594781592816633,1
2022-07-12,Elastic-Net Logistic,0,0.5594781592816633,1
2022-07-13,Elastic-Net Logistic,0,0.5594781592816633,1
2022-07-14,Elastic-Net Logistic,1,0.5594781592816633,1
2022-07-15,Elastic-Net Logistic,0,0.5594781592816633,1
2022-07-18,Elastic-Net Logistic,1,0.5594781592816633,1
2022-07-19,Elastic-Net Logistic,1,0.5594781592816633,1
2022-07-20,Elastic-Net Logistic,1,0.5594781592816633,1
2022-07-21,Elastic-Net Logistic,0,0.5594781592816633,1
2022-07-22,Elastic-Net Logistic,1,0.5594781592816633,1
2022-07-25,Elastic-Net Logistic,0,0.5594781592816633,1
2022-07-26,Elastic-Net Logistic,1,0.5594781592816633,1
2022-07-27,Elastic-Net Logistic,1,0.5594781592816633,1
2022-07-28,Elastic-Net Logistic,1,0.5594781592816633,1
2022-07-29,Elastic-Net Logistic,0,0.5594781592816633,1
2022-08-01,Elastic-Net Logistic,0,0.5594781592816633,1
2022-08-02,Elastic-Net Logistic,1,0.5594781592816633,1
2022-08-03,Elastic-Net Logistic,0,0.5594781592816633,1
2022-08-04,Elastic-Net Logistic,0,0.5594781592816633,1
2022-08-05,Elastic-Net Logistic,0,0.5594781592816633,1
2022-08-08,Elastic-Net Logistic,0,0.5594781592816633,1
2022-08-09,Elastic-Net Logistic,1,0.5594781592816633,1
2022-08-10,Elastic-Net Logistic,0,0.5594781592816633,1
2022-08-11,Elastic-Net Logistic,1,0.5594781592816633,1
2022-08-12,Elastic-Net Logistic,1,0.5594781592816633,1
2022-08-15,Elastic-Net Logistic,1,0.5594781592816633,1
2022-08-16,Elastic-Net Logistic,0,0.5594781592816633,1
2022-08-17,Elastic-Net Logistic,1,0.5594781592816633,1
2022-08-18,Elastic-Net Logistic,0,0.5594781592816633,1
2022-08-19,Elastic-Net Logistic,0,0.5594781592816633,1
2022-08-22,Elastic-Net Logistic,0,0.5594781592816633,1
2022-08-23,Elastic-Net Logistic,1,0.5594781592816633,1
2022-08-24,Elastic-Net Logistic,1,0.5594781592816633,1
2022-08-25,Elastic-Net Logistic,0,0.5594781592816633,1
2022-08-26,Elastic-Net Logistic,0,0.5594781592816633,1
2022-08-29,Elastic-Net Logistic,0,0.5594781592816633,1
2022-08-30,Elastic-Net Logistic,0,0.5594781592816633,1
2022-08-31,Elastic-Net Logistic,1,0.5594781592816633,1
2022-09-01,Elastic-Net Logistic,0,0.5594781592816633,1
2022-09-02,Elastic-Net Logistic,0,0.5594781592816633,1
2022-09-06,Elastic-Net Logistic,1,0.5594781592816633,1
2022-09-07,Elastic-Net Logistic,1,0.5594781592816633,1
2022-09-08,Elastic-Net Logistic,1,0.5594781592816633,1
2022-09-09,Elastic-Net Logistic,1,0.5594781592816633,1
2022-09-12,Elastic-Net Logistic,0,0.5594781592816633,1
2022-09-13,Elastic-Net Logistic,1,0.5594781592816633,1
2022-09-14,Elastic-Net Logistic,0,0.5594781592816633,1
2022-09-15,Elastic-Net Logistic,0,0.5594781592816633,1
2022-09-16,Elastic-Net Logistic,1,0.5594781592816633,1
2022-09-19,Elastic-Net Logistic,0,0.5594781592816633,1
2022-09-20,Elastic-Net Logistic,0,0.5594781592816633,1
2022-09-21,Elastic-Net Logistic,0,0.5594781592816633,1
2022-09-22,Elastic-Net Logistic,0,0.5594781592816633,1
2022-09-23,Elastic-Net Logistic,0,0.5594781592816633,1
2022-09-26,Elastic-Net Logistic,0,0.5594781592816633,1
2022-09-27,Elastic-Net Logistic,1,0.5594781592816633,1
2022-09-28,Elastic-Net Logistic,0,0.5594781592816633,1
2022-09-29,Elastic-Net Logistic,0,0.5594781592816633,1
2022-09-30,Elastic-Net Logistic,1,0.5594781592816633,1
2022-10-03,Elastic-Net Logistic,1,0.5594781592816633,1
2022-10-04,Elastic-Net Logistic,0,0.5594781592816633,1
2022-10-05,Elastic-Net Logistic,0,0.5594781592816633,1
2022-10-06,Elastic-Net Logistic,0,0.5594781592816633,1
2022-10-07,Elastic-Net Logistic,0,0.5594781592816633,1
2022-10-10,Elastic-Net Logistic,0,0.5594781592816633,1
2022-10-11,Elastic-Net Logistic,0,0.5594781592816633,1
2022-10-12,Elastic-Net Logistic,1,0.5594781592816633,1
2022-10-13,Elastic-Net Logistic,0,0.5594781592816633,1
2022-10-14,Elastic-Net Logistic,1,0.5594781592816633,1
2022-10-17,Elastic-Net Logistic,1,0.5594781592816633,1
2022-10-18,Elastic-Net Logistic,0,0.5594781592816633,1
2022-10-19,Elastic-Net Logistic,0,0.5594781592816633,1
2022-10-20,Elastic-Net Logistic,1,0.5594781592816633,1
2022-10-21,Elastic-Net Logistic,1,0.5594781592816633,1
2022-10-24,Elastic-Net Logistic,1,0.5594781592816633,1
2022-10-25,Elastic-Net Logistic,0,0.5594781592816633,1
2022-10-26,Elastic-Net Logistic,0,0.5594781592816633,1
2022-10-27,Elastic-Net Logistic,1,0.5594781592816633,1
2022-10-28,Elastic-Net Logistic,0,0.5594781592816633,1
2022-10-31,Elastic-Net Logistic,0,0.5594781592816633,1
2022-11-01,Elastic-Net Logistic,0,0.5594781592816633,1
2022-11-02,Elastic-Net Logistic,0,0.5594781592816633,1
2022-11-03,Elastic-Net Logistic,1,0.5594781592816633,1
2022-11-04,Elastic-Net Logistic,1,0.5594781592816633,1
2022-11-07,Elastic-Net Logistic,1,0.5594781592816633,1
2022-11-08,Elastic-Net Logistic,0,0.5594781592816633,1
2022-11-09,Elastic-Net Logistic,1,0.5594781592816633,1
2022-11-10,Elastic-Net Logistic,1,0.5594781592816633,1
2022-11-11,Elastic-Net Logistic,0,0.5594781592816633,1
2022-11-14,Elastic-Net Logistic,1,0.5594781592816633,1
2022-11-15,Elastic-Net Logistic,0,0.5594781592816633,1
2022-11-16,Elastic-Net Logistic,0,0.5594781592816633,1
2022-11-17,Elastic-Net Logistic,1,0.5594781592816633,1
2022-11-18,Elastic-Net Logistic,0,0.5594781592816633,1
2022-11-21,Elastic-Net Logistic,1,0.5594781592816633,1
2022-11-22,Elastic-Net Logistic,1,0.5594781592816633,1
2022-11-23,Elastic-Net Logistic,0,0.5594781592816633,1
2022-11-25,Elastic-Net Logistic,0,0.5594781592816633,1
2022-11-28,Elastic-Net Logistic,0,0.5594781592816633,1
2022-11-29,Elastic-Net Logistic,1,0.5594781592816633,1
2022-11-30,Elastic-Net Logistic,0,0.5594781592816633,1
2022-12-01,Elastic-Net Logistic,0,0.5594781592816633,1
2022-12-02,Elastic-Net Logistic,0,0.5594781592816633,1
2022-12-05,Elastic-Net Logistic,0,0.5594781592816633,1
2022-12-06,Elastic-Net Logistic,0,0.5594781592816633,1
2022-12-07,Elastic-Net Logistic,1,0.5594781592816633,1
2022-12-08,Elastic-Net Logistic,0,0.5594781592816633,1
2022-12-09,Elastic-Net Logistic,1,0.5594781592816633,1
2022-12-12,Elastic-Net Logistic,1,0.5594781592816633,1
2022-12-13,Elastic-Net Logistic,0,0.5594781592816633,1
2022-12-14,Elastic-Net Logistic,0,0.5594781592816633,1
2022-12-15,Elastic-Net Logistic,0,0.5594781592816633,1
2022-12-16,Elastic-Net Logistic,0,0.5594781592816633,1
2022-12-19,Elastic-Net Logistic,1,0.5594781592816633,1
2022-12-20,Elastic-Net Logistic,1,0.5594781592816633,1
2022-12-21,Elastic-Net Logistic,0,0.5594781592816633,1
2022-12-22,Elastic-Net Logistic,1,0.5594781592816633,1
2022-12-23,Elastic-Net Logistic,0,0.5594781592816633,1
2022-12-27,Elastic-Net Logistic,0,0.5594781592816633,1
2022-12-28,Elastic-Net Logistic,1,0.5594781592816633,1
2022-12-29,Elastic-Net Logistic,0,0.5594781592816633,1
2022-12-30,Elastic-Net Logistic,0,0.5594781592816633,1
2023-01-03,Elastic-Net Logistic,1,0.5594781592816633,1
2023-01-04,Elastic-Net Logistic,0,0.5594781592816633,1
2023-01-05,Elastic-Net Logistic,1,0.5594781592816633,1
2023-01-06,Elastic-Net Logistic,0,0.5594781592816633,1
2023-01-09,Elastic-Net Logistic,1,0.5594781592816633,1
2023-01-10,Elastic-Net Logistic,1,0.5594781592816633,1
2023-01-11,Elastic-Net Logistic,1,0.5594781592816633,1
2023-01-12,Elastic-Net Logistic,1,0.5594781592816633,1
2023-01-13,Elastic-Net Logistic,0,0.5594781592816633,1
2023-01-17,Elastic-Net Logistic,0,0.5594781592816633,1
2023-01-18,Elastic-Net Logistic,0,0.5594781592816633,1
2023-01-19,Elastic-Net Logistic,1,0.5594781592816633,1
2023-01-20,Elastic-Net Logistic,1,0.5594781592816633,1
2023-01-23,Elastic-Net Logistic,0,0.5594781592816633,1
2023-01-24,Elastic-Net Logistic,1,0.5594781592816633,1
2023-01-25,Elastic-Net Logistic,1,0.5594781592816633,1
2023-01-26,Elastic-Net Logistic,1,0.5594781592816633,1
2023-01-27,Elastic-Net Logistic,0,0.5594781592816633,1
2023-01-30,Elastic-Net Logistic,1,0.5594781592816633,1
2023-01-31,Elastic-Net Logistic,1,0.5594781592816633,1
2023-02-01,Elastic-Net Logistic,1,0.5594781592816633,1
2023-02-02,Elastic-Net Logistic,0,0.5594781592816633,1
2023-02-03,Elastic-Net Logistic,0,0.5594781592816633,1
2023-02-06,Elastic-Net Logistic,1,0.5594781592816633,1
2023-02-07,Elastic-Net Logistic,0,0.5594781592816633,1
2023-02-08,Elastic-Net Logistic,0,0.5594781592816633,1
2023-02-09,Elastic-Net Logistic,1,0.5594781592816633,1
2023-02-10,Elastic-Net Logistic,1,0.5594781592816633,1
2023-02-13,Elastic-Net Logistic,0,0.5594781592816633,1
2023-02-14,Elastic-Net Logistic,1,0.5594781592816633,1
2023-02-15,Elastic-Net Logistic,0,0.5594781592816633,1
2023-02-16,Elastic-Net Logistic,0,0.5594781592816633,1
2023-02-17,Elastic-Net Logistic,0,0.5594781592816633,1
2023-02-21,Elastic-Net Logistic,0,0.5594781592816633,1
2023-02-22,Elastic-Net Logistic,1,0.5594781592816633,1
2023-02-23,Elastic-Net Logistic,0,0.5594781592816633,1
2023-02-24,Elastic-Net Logistic,1,0.5594781592816633,1
2023-02-27,Elastic-Net Logistic,0,0.5594781592816633,1
2023-02-28,Elastic-Net Logistic,0,0.5594781592816633,1
2023-03-01,Elastic-Net Logistic,1,0.5594781592816633,1
2023-03-02,Elastic-Net Logistic,1,0.5594781592816633,1
2023-03-03,Elastic-Net Logistic,1,0.5594781592816633,1
2023-03-06,Elastic-Net Logistic,0,0.5594781592816633,1
2023-03-07,Elastic-Net Logistic,1,0.5594781592816633,1
2023-03-08,Elastic-Net Logistic,0,0.5594781592816633,1
2023-03-09,Elastic-Net Logistic,0,0.5594781592816633,1
2023-03-10,Elastic-Net Logistic,0,0.5594781592816633,1
2023-03-13,Elastic-Net Logistic,1,0.5594781592816633,1
2023-03-14,Elastic-Net Logistic,0,0.5594781592816633,1
2023-03-15,Elastic-Net Logistic,1,0.5594781592816633,1
2023-03-16,Elastic-Net Logistic,0,0.5594781592816633,1
2023-03-17,Elastic-Net Logistic,1,0.5594781592816633,1
2023-03-20,Elastic-Net Logistic,1,0.5594781592816633,1
2023-03-21,Elastic-Net Logistic,0,0.5594781592816633,1
2023-03-22,Elastic-Net Logistic,1,0.5594781592816633,1
2023-03-23,Elastic-Net Logistic,1,0.5594781592816633,1
2023-03-24,Elastic-Net Logistic,1,0.5594781592816633,1
2023-03-27,Elastic-Net Logistic,0,0.5594781592816633,1
2023-03-28,Elastic-Net Logistic,1,0.5594781592816633,1
2023-03-29,Elastic-Net Logistic,1,0.5594781592816633,1
2023-03-30,Elastic-Net Logistic,1,0.5594781592816633,1
2023-03-31,Elastic-Net Logistic,1,0.5594781592816633,1
2023-04-03,Elastic-Net Logistic,0,0.5594781592816633,1
2023-04-04,Elastic-Net Logistic,0,0.5594781592816633,1
2023-04-05,Elastic-Net Logistic,1,0.5594781592816633,1
2023-04-06,Elastic-Net Logistic,1,0.5594781592816633,1
2023-04-10,Elastic-Net Logistic,1,0.5594781592816633,1
2023-04-11,Elastic-Net Logistic,0,0.5594781592816633,1
2023-04-12,Elastic-Net Logistic,1,0.5594781592816633,1
2023-04-13,Elastic-Net Logistic,0,0.5594781592816633,1
2023-04-14,Elastic-Net Logistic,1,0.5594781592816633,1
2023-04-17,Elastic-Net Logistic,1,0.5594781592816633,1
2023-04-18,Elastic-Net Logistic,0,0.5594781592816633,1
2023-04-19,Elastic-Net Logistic,0,0.5594781592816633,1
2023-04-20,Elastic-Net Logistic,1,0.5594781592816633,1
2023-04-21,Elastic-Net Logistic,1,0.5594781592816633,1
2023-04-24,Elastic-Net Logistic,0,0.5594781592816633,1
2023-04-25,Elastic-Net Logistic,0,0.5594781592816633,1
2023-04-26,Elastic-Net Logistic,1,0.5594781592816633,1
2023-04-27,Elastic-Net Logistic,1,0.5594781592816633,1
2023-04-28,Elastic-Net Logistic,0,0.5594781592816633,1
2023-05-01,Elastic-Net Logistic,0,0.5594781592816633,1
2023-05-02,Elastic-Net Logistic,0,0.5594781592816633,1
2023-05-03,Elastic-Net Logistic,0,0.5594781592816633,1
2023-05-04,Elastic-Net Logistic,1,0.5594781592816633,1
2023-05-05,Elastic-Net Logistic,1,0.5594781592816633,1
2023-05-08,Elastic-Net Logistic,0,0.5594781592816633,1
2023-05-09,Elastic-Net Logistic,1,0.5594781592816633,1
2023-05-10,Elastic-Net Logistic,0,0.5594781592816633,1
2023-05-11,Elastic-Net Logistic,0,0.5594781592816633,1
2023-05-12,Elastic-Net Logistic,1,0.5594781592816633,1
2023-05-15,Elastic-Net Logistic,0,0.5594781592816633,1
2023-05-16,Elastic-Net Logistic,1,0.5594781592816633,1
2023-05-17,Elastic-Net Logistic,1,0.5594781592816633,1
2023-05-18,Elastic-Net Logistic,0,0.5594781592816633,1
2023-05-19,Elastic-Net Logistic,1,0.5594781592816633,1
2023-05-22,Elastic-Net Logistic,0,0.5594781592816633,1
2023-05-23,Elastic-Net Logistic,0,0.5594781592816633,1
2023-05-24,Elastic-Net Logistic,1,0.5594781592816633,1
2023-05-25,Elastic-Net Logistic,1,0.5594781592816633,1
2023-05-26,Elastic-Net Logistic,1,0.5594781592816633,1
2023-05-30,Elastic-Net Logistic,0,0.5594781592816633,1
2023-05-31,Elastic-Net Logistic,1,0.5594781592816633,1
2023-06-01,Elastic-Net Logistic,1,0.5594781592816633,1
2023-06-02,Elastic-Net Logistic,0,0.5594781592816633,1
2023-06-05,Elastic-Net Logistic,1,0.5594781592816633,1
2023-06-06,Elastic-Net Logistic,0,0.5594781592816633,1
2023-06-07,Elastic-Net Logistic,1,0.5594781592816633,1
2023-06-08,Elastic-Net Logistic,1,0.5594781592816633,1
2023-06-09,Elastic-Net Logistic,1,0.5594781592816633,1
2023-06-12,Elastic-Net Logistic,1,0.5594781592816633,1
2023-06-13,Elastic-Net Logistic,1,0.5594781592816633,1
2023-06-14,Elastic-Net Logistic,1,0.5594781592816633,1
2023-06-15,Elastic-Net Logistic,0,0.5594781592816633,1
2023-06-16,Elastic-Net Logistic,0,0.5594781592816633,1
2023-06-20,Elastic-Net Logistic,0,0.5594781592816633,1
2023-06-21,Elastic-Net Logistic,1,0.5594781592816633,1
2023-06-22,Elastic-Net Logistic,0,0.5594781592816633,1
2023-06-23,Elastic-Net Logistic,0,0.5594781592816633,1
2023-06-26,Elastic-Net Logistic,1,0.5594781592816633,1
2023-06-27,Elastic-Net Logistic,1,0.5594781592816633,1
2023-06-28,Elastic-Net Logistic,1,0.5594781592816633,1
2023-06-29,Elastic-Net Logistic,1,0.5594781592816633,1
2023-06-30,Elastic-Net Logistic,1,0.5594781592816633,1
2023-07-03,Elastic-Net Logistic,0,0.5594781592816633,1
2023-07-05,Elastic-Net Logistic,0,0.5594781592816633,1
2023-07-06,Elastic-Net Logistic,0,0.5594781592816633,1
2023-07-07,Elastic-Net Logistic,1,0.5594781592816633,1
2023-07-10,Elastic-Net Logistic,1,0.5594781592816633,1
2023-07-11,Elastic-Net Logistic,1,0.5594781592816633,1
2023-07-12,Elastic-Net Logistic,1,0.5594781592816633,1
2023-07-13,Elastic-Net Logistic,0,0.5594781592816633,1
2023-07-14,Elastic-Net Logistic,1,0.5594781592816633,1
2023-07-17,Elastic-Net Logistic,1,0.5594781592816633,1
2023-07-18,Elastic-Net Logistic,1,0.5594781592816633,1
2023-07-19,Elastic-Net Logistic,0,0.5594781592816633,1
2023-07-20,Elastic-Net Logistic,0,0.5594781592816633,1
2023-07-21,Elastic-Net Logistic,1,0.5594781592816633,1
2023-07-24,Elastic-Net Logistic,1,0.5594781592816633,1
2023-07-25,Elastic-Net Logistic,1,0.5594781592816633,1
2023-07-26,Elastic-Net Logistic,0,0.5594781592816633,1
2023-07-27,Elastic-Net Logistic,1,0.5594781592816633,1
2023-07-28,Elastic-Net Logistic,1,0.5594781592816633,1
2023-07-31,Elastic-Net Logistic,0,0.5594781592816633,1
2023-08-01,Elastic-Net Logistic,0,0.5594781592816633,1
2023-08-02,Elastic-Net Logistic,0,0.5594781592816633,1
2023-08-03,Elastic-Net Logistic,0,0.5594781592816633,1
2023-08-04,Elastic-Net Logistic,1,0.5594781592816633,1
2023-08-07,Elastic-Net Logistic,0,0.5594781592816633,1
2023-08-08,Elastic-Net Logistic,0,0.5594781592816633,1
2023-08-09,Elastic-Net Logistic,1,0.5594781592816633,1
2023-08-10,Elastic-Net Logistic,0,0.5594781592816633,1
2023-08-11,Elastic-Net Logistic,1,0.5594781592816633,1
2023-08-14,Elastic-Net Logistic,0,0.5594781592816633,1
2023-08-15,Elastic-Net Logistic,0,0.5594781592816633,1
2023-08-16,Elastic-Net Logistic,0,0.5594781592816633,1
2023-08-17,Elastic-Net Logistic,1,0.5594781592816633,1
2023-08-18,Elastic-Net Logistic,1,0.5594781592816633,1
2023-08-21,Elastic-Net Logistic,0,0.5594781592816633,1
2023-08-22,Elastic-Net Logistic,1,0.5594781592816633,1
2023-08-23,Elastic-Net Logistic,0,0.5594781592816633,1
2023-08-24,Elastic-Net Logistic,1,0.5594781592816633,1
2023-08-25,Elastic-Net Logistic,1,0.5594781592816633,1
2023-08-28,Elastic-Net Logistic,1,0.5594781592816633,1
2023-08-29,Elastic-Net Logistic,1,0.5594781592816633,1
2023-08-30,Elastic-Net Logistic,0,0.5594781592816633,1
2023-08-31,Elastic-Net Logistic,1,0.5594781592816633,1
2023-09-01,Elastic-Net Logistic,0,0.5594781592816633,1
2023-09-05,Elastic-Net Logistic,0,0.5594781592816633,1
2023-09-06,Elastic-Net Logistic,0,0.5594781592816633,1
2023-09-07,Elastic-Net Logistic,1,0.5594781592816633,1
2023-09-08,Elastic-Net Logistic,1,0.5594781592816633,1
2023-09-11,Elastic-Net Logistic,0,0.5594781592816633,1
2023-09-12,Elastic-Net Logistic,1,0.5594781592816633,1
2023-09-13,Elastic-Net Logistic,1,0.5594781592816633,1
2023-09-14,Elastic-Net Logistic,0,0.5594781592816633,1
2023-09-15,Elastic-Net Logistic,1,0.5594781592816633,1
2023-09-18,Elastic-Net Logistic,0,0.5594781592816633,1
2023-09-19,Elastic-Net Logistic,0,0.5594781592816633,1
2023-09-20,Elastic-Net Logistic,0,0.5594781592816633,1
2023-09-21,Elastic-Net Logistic,0,0.5594781592816633,1
2023-09-22,Elastic-Net Logistic,1,0.5594781592816633,1
2023-09-25,Elastic-Net Logistic,0,0.5594781592816633,1
2023-09-26,Elastic-Net Logistic,1,0.5594781592816633,1
2023-09-27,Elastic-Net Logistic,1,0.5594781592816633,1
2023-09-28,Elastic-Net Logistic,0,0.5594781592816633,1
2023-09-29,Elastic-Net Logistic,0,0.5594781592816633,1
2023-10-02,Elastic-Net Logistic,0,0.5594781592816633,1
2023-10-03,Elastic-Net Logistic,1,0.5594781592816633,1
2023-10-04,Elastic-Net Logistic,0,0.5594781592816633,1
2023-10-05,Elastic-Net Logistic,1,0.5594781592816633,1
2023-10-06,Elastic-Net Logistic,1,0.5594781592816633,1
2023-10-09,Elastic-Net Logistic,1,0.5594781592816633,1
2023-10-10,Elastic-Net Logistic,1,0.5594781592816633,1
2023-10-11,Elastic-Net Logistic,0,0.5594781592816633,1
2023-10-12,Elastic-Net Logistic,0,0.5594781592816633,1
2023-10-13,Elastic-Net Logistic,1,0.5594781592816633,1
2023-10-16,Elastic-Net Logistic,0,0.5594781592816633,1
2023-10-17,Elastic-Net Logistic,0,0.5594781592816633,1
2023-10-18,Elastic-Net Logistic,0,0.5594781592816633,1
2023-10-19,Elastic-Net Logistic,0,0.5594781592816633,1
2023-10-20,Elastic-Net Logistic,0,0.5594781592816633,1
2023-10-23,Elastic-Net Logistic,1,0.5594781592816633,1
2023-10-24,Elastic-Net Logistic,0,0.5594781592816633,1
2023-10-25,Elastic-Net Logistic,0,0.5594781592816633,1
2023-10-26,Elastic-Net Logistic,0,0.5594781592816633,1
2023-10-27,Elastic-Net Logistic,1,0.5594781592816633,1
2023-10-30,Elastic-Net Logistic,1,0.5594781592816633,1
2023-10-31,Elastic-Net Logistic,1,0.5594781592816633,1
2023-11-01,Elastic-Net Logistic,1,0.5594781592816633,1
2023-11-02,Elastic-Net Logistic,1,0.5594781592816633,1
2023-11-03,Elastic-Net Logistic,1,0.5594781592816633,1
2023-11-06,Elastic-Net Logistic,1,0.5594781592816633,1
2023-11-07,Elastic-Net Logistic,1,0.5594781592816633,1
2023-11-08,Elastic-Net Logistic,0,0.5594781592816633,1
2023-11-09,Elastic-Net Logistic,1,0.5594781592816633,1
2023-11-10,Elastic-Net Logistic,0,0.5594781592816633,1
2023-11-13,Elastic-Net Logistic,1,0.5594781592816633,1
2023-11-14,Elastic-Net Logistic,1,0.5594781592816633,1
2023-11-15,Elastic-Net Logistic,1,0.5594781592816633,1
2023-11-16,Elastic-Net Logistic,1,0.5594781592816633,1
2023-11-17,Elastic-Net Logistic,1,0.5594781592816633,1
2023-11-20,Elastic-Net Logistic,0,0.5594781592816633,1
2023-11-21,Elastic-Net Logistic,1,0.5594781592816633,1
2023-11-22,Elastic-Net Logistic,1,0.5594781592816633,1
2023-11-24,Elastic-Net Logistic,0,0.5594781592816633,1
2023-11-27,Elastic-Net Logistic,1,0.5594781592816633,1
2023-11-28,Elastic-Net Logistic,0,0.5594781592816633,1
2023-11-29,Elastic-Net Logistic,1,0.5594781592816633,1
2023-11-30,Elastic-Net Logistic,1,0.5594781592816633,1
2023-12-01,Elastic-Net Logistic,0,0.5594781592816633,1
2023-12-04,Elastic-Net Logistic,0,0.5594781592816633,1
2023-12-05,Elastic-Net Logistic,0,0.5594781592816633,1
2023-12-06,Elastic-Net Logistic,1,0.5594781592816633,1
2023-12-07,Elastic-Net Logistic,1,0.5594781592816633,1
2023-12-08,Elastic-Net Logistic,1,0.5594781592816633,1
2023-12-11,Elastic-Net Logistic,1,0.5594781592816633,1
2023-12-12,Elastic-Net Logistic,1,0.5594781592816633,1
2023-12-13,Elastic-Net Logistic,1,0.5594781592816633,1
2023-12-14,Elastic-Net Logistic,0,0.5594781592816633,1
2023-12-15,Elastic-Net Logistic,1,0.5594781592816633,1
2023-12-18,Elastic-Net Logistic,1,0.5594781592816633,1
2023-12-19,Elastic-Net Logistic,0,0.5594781592816633,1
2023-12-20,Elastic-Net Logistic,1,0.5594781592816633,1
2023-12-21,Elastic-Net Logistic,1,0.5594781592816633,1
2023-12-22,Elastic-Net Logistic,1,0.5594781592816633,1
2023-12-26,Elastic-Net Logistic,1,0.5594781592816633,1
2023-12-27,Elastic-Net Logistic,1,0.5594781592816633,1
2023-12-28,Elastic-Net Logistic,0,0.5594781592816633,1
2023-12-29,Elastic-Net Logistic,0,0.5594781592816633,1
2022-01-03,Calibrated RBF SVM,0,0.5839862002639514,1
2022-01-04,Calibrated RBF SVM,0,0.5739169252079833,1
2022-01-05,Calibrated RBF SVM,0,0.5579387552221097,1
2022-01-06,Calibrated RBF SVM,0,0.541985399806376,1
2022-01-07,Calibrated RBF SVM,0,0.5521864040022658,1
2022-01-10,Calibrated RBF SVM,1,0.5515786055939546,1
2022-01-11,Calibrated RBF SVM,1,0.5466980524677879,1
2022-01-12,Calibrated RBF SVM,0,0.5547464442064683,1
2022-01-13,Calibrated RBF SVM,1,0.5486023062984552,1
2022-01-14,Calibrated RBF SVM,0,0.5478309074874947,1
2022-01-18,Calibrated RBF SVM,0,0.5781842853779297,1
2022-01-19,Calibrated RBF SVM,0,0.5929277820759093,1
2022-01-20,Calibrated RBF SVM,0,0.5841765110093935,1
2022-01-21,Calibrated RBF SVM,1,0.5725676653751636,1
2022-01-24,Calibrated RBF SVM,0,0.5635723795071208,1
2022-01-25,Calibrated RBF SVM,0,0.5777046156610045,1
2022-01-26,Calibrated RBF SVM,0,0.5736860644691344,1
2022-01-27,Calibrated RBF SVM,1,0.5852947101442334,1
2022-01-28,Calibrated RBF SVM,1,0.5793268687627813,1
2022-01-31,Calibrated RBF SVM,1,0.5768612470619002,1
2022-02-01,Calibrated RBF SVM,1,0.5821929664719931,1
2022-02-02,Calibrated RBF SVM,0,0.566821862205605,1
2022-02-03,Calibrated RBF SVM,1,0.5756870871868377,1
2022-02-04,Calibrated RBF SVM,0,0.5800593690441741,1
2022-02-07,Calibrated RBF SVM,1,0.5743790533778635,1
2022-02-08,Calibrated RBF SVM,1,0.5941845012850261,1
2022-02-09,Calibrated RBF SVM,0,0.5417551023011511,1
2022-02-10,Calibrated RBF SVM,0,0.5778981790662345,1
2022-02-11,Calibrated RBF SVM,0,0.574482671888568,1
2022-02-14,Calibrated RBF SVM,1,0.585519402645512,1
2022-02-15,Calibrated RBF SVM,1,0.602718028128352,1
2022-02-16,Calibrated RBF SVM,0,0.5777622137314208,1
2022-02-17,Calibrated RBF SVM,0,0.5607739130953043,1
2022-02-18,Calibrated RBF SVM,0,0.5818030891199872,1
2022-02-22,Calibrated RBF SVM,0,0.588250131804894,1
2022-02-23,Calibrated RBF SVM,1,0.5697546895829624,1
2022-02-24,Calibrated RBF SVM,1,0.570722354559984,1
2022-02-25,Calibrated RBF SVM,0,0.5786931078109491,1
2022-02-28,Calibrated RBF SVM,0,0.5869337891631786,1
2022-03-01,Calibrated RBF SVM,1,0.5902350919492586,1
2022-03-02,Calibrated RBF SVM,0,0.5815442896368083,1
2022-03-03,Calibrated RBF SVM,0,0.5954214378475952,1
2022-03-04,Calibrated RBF SVM,0,0.6125509341477768,1
2022-03-07,Calibrated RBF SVM,0,0.5863275018754185,1
2022-03-08,Calibrated RBF SVM,1,0.5720060764836683,1
2022-03-09,Calibrated RBF SVM,0,0.5742249534328785,1
2022-03-10,Calibrated RBF SVM,0,0.5818418409865428,1
2022-03-11,Calibrated RBF SVM,0,0.5710227935506847,1
2022-03-14,Calibrated RBF SVM,1,0.5769986439468222,1
2022-03-15,Calibrated RBF SVM,1,0.5922159608007419,1
2022-03-16,Calibrated RBF SVM,1,0.5772892154385364,1
2022-03-17,Calibrated RBF SVM,1,0.5619384566454491,1
2022-03-18,Calibrated RBF SVM,0,0.5620965109824813,1
2022-03-21,Calibrated RBF SVM,1,0.5747580510644812,1
2022-03-22,Calibrated RBF SVM,0,0.5582142630150971,1
2022-03-23,Calibrated RBF SVM,1,0.5752846645139388,1
2022-03-24,Calibrated RBF SVM,1,0.5847626251994288,1
2022-03-25,Calibrated RBF SVM,1,0.5796627099574484,1
2022-03-28,Calibrated RBF SVM,1,0.5834095856407829,1
2022-03-29,Calibrated RBF SVM,0,0.5897717118428756,1
2022-03-30,Calibrated RBF SVM,0,0.5871861857709235,1
2022-03-31,Calibrated RBF SVM,1,0.6015096611157152,1
2022-04-01,Calibrated RBF SVM,1,0.5723270747708776,1
2022-04-04,Calibrated RBF SVM,0,0.5934261495634644,1
2022-04-05,Calibrated RBF SVM,0,0.5701433162589531,1
2022-04-06,Calibrated RBF SVM,1,0.5979147974231048,1
2022-04-07,Calibrated RBF SVM,0,0.5796395850589932,1
2022-04-08,Calibrated RBF SVM,0,0.5810930518387251,1
2022-04-11,Calibrated RBF SVM,0,0.5579356915490864,1
2022-04-12,Calibrated RBF SVM,1,0.5960891436887773,1
2022-04-13,Calibrated RBF SVM,0,0.6025213724650371,1
2022-04-14,Calibrated RBF SVM,1,0.548836391755147,1
2022-04-18,Calibrated RBF SVM,1,0.6008919592842994,1
2022-04-19,Calibrated RBF SVM,0,0.5876089691881328,1
2022-04-20,Calibrated RBF SVM,0,0.5865310368110283,1
2022-04-21,Calibrated RBF SVM,0,0.5530490730108281,1
2022-04-22,Calibrated RBF SVM,1,0.5728055310269791,1
2022-04-25,Calibrated RBF SVM,0,0.6081077672123231,1
2022-04-26,Calibrated RBF SVM,1,0.5790811143137086,1
2022-04-27,Calibrated RBF SVM,1,0.5715880513450775,1
2022-04-28,Calibrated RBF SVM,0,0.589041537845761,1
2022-04-29,Calibrated RBF SVM,1,0.5669000405533043,1
2022-05-02,Calibrated RBF SVM,1,0.5698174587233443,1
2022-05-03,Calibrated RBF SVM,1,0.5793529240115816,1
2022-05-04,Calibrated RBF SVM,0,0.5705499704908638,1
2022-05-05,Calibrated RBF SVM,0,0.5668177292801732,1
2022-05-06,Calibrated RBF SVM,0,0.5760950598057192,1
2022-05-09,Calibrated RBF SVM,1,0.576277063310988,1
2022-05-10,Calibrated RBF SVM,0,0.5658002333026552,1
2022-05-11,Calibrated RBF SVM,0,0.5642850002945524,1
2022-05-12,Calibrated RBF SVM,1,0.5749085969140806,1
2022-05-13,Calibrated RBF SVM,0,0.5647970694533521,1
2022-05-16,Calibrated RBF SVM,1,0.5802993187400634,1
2022-05-17,Calibrated RBF SVM,0,0.5714415877676193,1
2022-05-18,Calibrated RBF SVM,0,0.5722197243078416,1
2022-05-19,Calibrated RBF SVM,1,0.5737624343681724,1
2022-05-20,Calibrated RBF SVM,1,0.5694634028392946,1
2022-05-23,Calibrated RBF SVM,0,0.5722736329367812,1
2022-05-24,Calibrated RBF SVM,1,0.5708753342959153,1
2022-05-25,Calibrated RBF SVM,1,0.5711874765417618,1
2022-05-26,Calibrated RBF SVM,1,0.5592931891999031,1
2022-05-27,Calibrated RBF SVM,0,0.5626438729254012,1
2022-05-31,Calibrated RBF SVM,0,0.5875793245389426,1
2022-06-01,Calibrated RBF SVM,1,0.5818541109564866,1
2022-06-02,Calibrated RBF SVM,0,0.5656006040935929,1
2022-06-03,Calibrated RBF SVM,1,0.5739739782019921,1
2022-06-06,Calibrated RBF SVM,1,0.5851520701431469,1
2022-06-07,Calibrated RBF SVM,0,0.5520636274069441,1
2022-06-08,Calibrated RBF SVM,0,0.5687454169518235,1
2022-06-09,Calibrated RBF SVM,0,0.5648028270939941,1
2022-06-10,Calibrated RBF SVM,0,0.5681262605087847,1
2022-06-13,Calibrated RBF SVM,0,0.5661957729375776,1
2022-06-14,Calibrated RBF SVM,1,0.5684967074167818,1
2022-06-15,Calibrated RBF SVM,0,0.5659449050594177,1
2022-06-16,Calibrated RBF SVM,1,0.5681207203303011,1
2022-06-17,Calibrated RBF SVM,1,0.5713301275844785,1
2022-06-21,Calibrated RBF SVM,0,0.5690784641678232,1
2022-06-22,Calibrated RBF SVM,1,0.5715071447737539,1
2022-06-23,Calibrated RBF SVM,1,0.5683309852224995,1
2022-06-24,Calibrated RBF SVM,0,0.564429032008302,1
2022-06-27,Calibrated RBF SVM,0,0.5743148133256736,1
2022-06-28,Calibrated RBF SVM,0,0.5737734517707612,1
2022-06-29,Calibrated RBF SVM,0,0.5721055021141139,1
2022-06-30,Calibrated RBF SVM,1,0.575230771627636,1
2022-07-01,Calibrated RBF SVM,1,0.5805062735222902,1
2022-07-05,Calibrated RBF SVM,1,0.5723556678430498,1
2022-07-06,Calibrated RBF SVM,1,0.5815061204872901,1
2022-07-07,Calibrated RBF SVM,0,0.5719257556544236,1
2022-07-08,Calibrated RBF SVM,0,0.5743632599719221,1
2022-07-11,Calibrated RBF SVM,0,0.5737010887591292,1
2022-07-12,Calibrated RBF SVM,0,0.5659472222742199,1
2022-07-13,Calibrated RBF SVM,0,0.5679040919772769,1
2022-07-14,Calibrated RBF SVM,1,0.5719854030789145,1
2022-07-15,Calibrated RBF SVM,0,0.5722844265329338,1
2022-07-18,Calibrated RBF SVM,1,0.5634609682738353,1
2022-07-19,Calibrated RBF SVM,1,0.5803100307803455,1
2022-07-20,Calibrated RBF SVM,1,0.5726673680465004,1
2022-07-21,Calibrated RBF SVM,0,0.5939768335589727,1
2022-07-22,Calibrated RBF SVM,1,0.5813293445303657,1
2022-07-25,Calibrated RBF SVM,0,0.5820615707945278,1
2022-07-26,Calibrated RBF SVM,1,0.5831010618366336,1
2022-07-27,Calibrated RBF SVM,1,0.575089559180722,1
2022-07-28,Calibrated RBF SVM,1,0.5697845965006031,1
2022-07-29,Calibrated RBF SVM,0,0.5553246997879541,1
2022-08-01,Calibrated RBF SVM,0,0.5784439978591935,1
2022-08-02,Calibrated RBF SVM,1,0.5693209093722417,1
2022-08-03,Calibrated RBF SVM,0,0.5757580268585206,1
2022-08-04,Calibrated RBF SVM,0,0.5447464478237003,1
2022-08-05,Calibrated RBF SVM,0,0.5904984384392075,1
2022-08-08,Calibrated RBF SVM,0,0.5578337992700768,1
2022-08-09,Calibrated RBF SVM,1,0.5430933855966941,1
2022-08-10,Calibrated RBF SVM,0,0.5549255775908962,1
2022-08-11,Calibrated RBF SVM,1,0.5299049540983715,1
2022-08-12,Calibrated RBF SVM,1,0.5683552320457801,1
2022-08-15,Calibrated RBF SVM,1,0.5945303211716646,1
2022-08-16,Calibrated RBF SVM,0,0.552237713827568,1
2022-08-17,Calibrated RBF SVM,1,0.5602973057901325,1
2022-08-18,Calibrated RBF SVM,0,0.548930935573877,1
2022-08-19,Calibrated RBF SVM,0,0.5942331934500783,1
2022-08-22,Calibrated RBF SVM,0,0.5935141931180982,1
2022-08-23,Calibrated RBF SVM,1,0.58361399394967,1
2022-08-24,Calibrated RBF SVM,1,0.5723480112672172,1
2022-08-25,Calibrated RBF SVM,0,0.5511865342260666,1
2022-08-26,Calibrated RBF SVM,0,0.5637448873628873,1
2022-08-29,Calibrated RBF SVM,0,0.5638574555336292,1
2022-08-30,Calibrated RBF SVM,0,0.5879753462829952,1
2022-08-31,Calibrated RBF SVM,1,0.572208192133204,1
2022-09-01,Calibrated RBF SVM,0,0.5911438471365518,1
2022-09-02,Calibrated RBF SVM,0,0.5771970310705387,1
2022-09-06,Calibrated RBF SVM,1,0.5952147180455916,1
2022-09-07,Calibrated RBF SVM,1,0.6038602463644972,1
2022-09-08,Calibrated RBF SVM,1,0.6293163997229568,1
2022-09-09,Calibrated RBF SVM,1,0.5872448989762923,1
2022-09-12,Calibrated RBF SVM,0,0.5704821883383083,1
2022-09-13,Calibrated RBF SVM,1,0.5637263176329083,1
2022-09-14,Calibrated RBF SVM,0,0.5564924713107627,1
2022-09-15,Calibrated RBF SVM,0,0.5837293583334642,1
2022-09-16,Calibrated RBF SVM,1,0.5881068667890782,1
2022-09-19,Calibrated RBF SVM,0,0.5855866275895085,1
2022-09-20,Calibrated RBF SVM,0,0.5936042873549582,1
2022-09-21,Calibrated RBF SVM,0,0.5786964885090876,1
2022-09-22,Calibrated RBF SVM,0,0.5920899671706567,1
2022-09-23,Calibrated RBF SVM,0,0.5830370534365771,1
2022-09-26,Calibrated RBF SVM,0,0.5702342441129401,1
2022-09-27,Calibrated RBF SVM,1,0.5688194316467382,1
2022-09-28,Calibrated RBF SVM,0,0.591556604330076,1
2022-09-29,Calibrated RBF SVM,0,0.5936848064145028,1
2022-09-30,Calibrated RBF SVM,1,0.5701959405142495,1
2022-10-03,Calibrated RBF SVM,1,0.5699992561225399,1
2022-10-04,Calibrated RBF SVM,0,0.5711354866951708,1
2022-10-05,Calibrated RBF SVM,0,0.5814972486317005,1
2022-10-06,Calibrated RBF SVM,0,0.5795560539724836,1
2022-10-07,Calibrated RBF SVM,0,0.5807758015025333,1
2022-10-10,Calibrated RBF SVM,0,0.5805104151953054,1
2022-10-11,Calibrated RBF SVM,0,0.566063297621438,1
2022-10-12,Calibrated RBF SVM,1,0.5694910984924114,1
2022-10-13,Calibrated RBF SVM,0,0.5700380115746649,1
2022-10-14,Calibrated RBF SVM,1,0.5770539963837482,1
2022-10-17,Calibrated RBF SVM,1,0.5761007137407828,1
2022-10-18,Calibrated RBF SVM,0,0.5725060646378404,1
2022-10-19,Calibrated RBF SVM,0,0.5845297205521276,1
2022-10-20,Calibrated RBF SVM,1,0.5789554586632653,1
2022-10-21,Calibrated RBF SVM,1,0.5641424812792213,1
2022-10-24,Calibrated RBF SVM,1,0.5730354660130182,1
2022-10-25,Calibrated RBF SVM,0,0.5558815698749896,1
2022-10-26,Calibrated RBF SVM,0,0.561444597088527,1
2022-10-27,Calibrated RBF SVM,1,0.5737318344096122,1
2022-10-28,Calibrated RBF SVM,0,0.5729727073050046,1
2022-10-31,Calibrated RBF SVM,0,0.569892324728069,1
2022-11-01,Calibrated RBF SVM,0,0.591809597592274,1
2022-11-02,Calibrated RBF SVM,0,0.5659062905788974,1
2022-11-03,Calibrated RBF SVM,1,0.5725606478153916,1
2022-11-04,Calibrated RBF SVM,1,0.5809973662218942,1
2022-11-07,Calibrated RBF SVM,1,0.581638346689577,1
2022-11-08,Calibrated RBF SVM,0,0.591596178145223,1
2022-11-09,Calibrated RBF SVM,1,0.5486503838252127,1
2022-11-10,Calibrated RBF SVM,1,0.5665740988724591,1
2022-11-11,Calibrated RBF SVM,0,0.5594584180433623,1
2022-11-14,Calibrated RBF SVM,1,0.5694665829528737,1
2022-11-15,Calibrated RBF SVM,0,0.5758944364518858,1
2022-11-16,Calibrated RBF SVM,0,0.5706902349285494,1
2022-11-17,Calibrated RBF SVM,1,0.5810313040053369,1
2022-11-18,Calibrated RBF SVM,0,0.5833265345610656,1
2022-11-21,Calibrated RBF SVM,1,0.5646904138214747,1
2022-11-22,Calibrated RBF SVM,1,0.5841810908777566,1
2022-11-23,Calibrated RBF SVM,0,0.547754729537631,1
2022-11-25,Calibrated RBF SVM,0,0.5524160459701313,1
2022-11-28,Calibrated RBF SVM,0,0.5910433019708279,1
2022-11-29,Calibrated RBF SVM,1,0.5551937674240713,1
2022-11-30,Calibrated RBF SVM,0,0.5674792852093635,1
2022-12-01,Calibrated RBF SVM,0,0.5672604956733692,1
2022-12-02,Calibrated RBF SVM,0,0.5703644546111025,1
2022-12-05,Calibrated RBF SVM,0,0.5766689805278652,1
2022-12-06,Calibrated RBF SVM,0,0.5784261549660771,1
2022-12-07,Calibrated RBF SVM,1,0.5866086225844528,1
2022-12-08,Calibrated RBF SVM,0,0.564221334165301,1
2022-12-09,Calibrated RBF SVM,1,0.5718209815979978,1
2022-12-12,Calibrated RBF SVM,1,0.5647567320831848,1
2022-12-13,Calibrated RBF SVM,0,0.5581593029175264,1
2022-12-14,Calibrated RBF SVM,0,0.5921347061329603,1
2022-12-15,Calibrated RBF SVM,0,0.5882147346186639,1
2022-12-16,Calibrated RBF SVM,0,0.6078070098311102,1
2022-12-19,Calibrated RBF SVM,1,0.609492450211794,1
2022-12-20,Calibrated RBF SVM,1,0.6077663230931659,1
2022-12-21,Calibrated RBF SVM,0,0.6107492589285054,1
2022-12-22,Calibrated RBF SVM,1,0.60524664457342,1
2022-12-23,Calibrated RBF SVM,0,0.5996723478237139,1
2022-12-27,Calibrated RBF SVM,0,0.6120062593940491,1
2022-12-28,Calibrated RBF SVM,1,0.5894034976050434,1
2022-12-29,Calibrated RBF SVM,0,0.5936205715056927,1
2022-12-30,Calibrated RBF SVM,0,0.6219411156313596,1
2023-01-03,Calibrated RBF SVM,1,0.6147250477121765,1
2023-01-04,Calibrated RBF SVM,0,0.5862544765700225,1
2023-01-05,Calibrated RBF SVM,1,0.5981570840889017,1
2023-01-06,Calibrated RBF SVM,0,0.5399375205455823,1
2023-01-09,Calibrated RBF SVM,1,0.5709673165947663,1
2023-01-10,Calibrated RBF SVM,1,0.5711551333982481,1
2023-01-11,Calibrated RBF SVM,1,0.548757444261155,1
2023-01-12,Calibrated RBF SVM,1,0.5831800130390251,1
2023-01-13,Calibrated RBF SVM,0,0.5514364199653645,1
2023-01-17,Calibrated RBF SVM,0,0.542577555418268,1
2023-01-18,Calibrated RBF SVM,0,0.5363499729353259,1
2023-01-19,Calibrated RBF SVM,1,0.5600913109315452,1
2023-01-20,Calibrated RBF SVM,1,0.5422488331909597,1
2023-01-23,Calibrated RBF SVM,0,0.524286855959691,1
2023-01-24,Calibrated RBF SVM,1,0.5720961011398099,1
2023-01-25,Calibrated RBF SVM,1,0.5516922109857402,1
2023-01-26,Calibrated RBF SVM,1,0.5558673031424898,1
2023-01-27,Calibrated RBF SVM,0,0.5647325906030701,1
2023-01-30,Calibrated RBF SVM,1,0.5778641177077057,1
2023-01-31,Calibrated RBF SVM,1,0.5452036942652826,1
2023-02-01,Calibrated RBF SVM,1,0.5438327251157932,1
2023-02-02,Calibrated RBF SVM,0,0.5387806919496773,1
2023-02-03,Calibrated RBF SVM,0,0.5664598330816152,1
2023-02-06,Calibrated RBF SVM,1,0.5823201742621021,1
2023-02-07,Calibrated RBF SVM,0,0.5325330357752668,1
2023-02-08,Calibrated RBF SVM,0,0.5397795739055663,1
2023-02-09,Calibrated RBF SVM,1,0.5377671591450266,1
2023-02-10,Calibrated RBF SVM,1,0.5706320992694361,1
2023-02-13,Calibrated RBF SVM,0,0.5741643630383977,1
2023-02-14,Calibrated RBF SVM,1,0.544486356234437,1
2023-02-15,Calibrated RBF SVM,0,0.5398693285385903,1
2023-02-16,Calibrated RBF SVM,0,0.5432830081047787,1
2023-02-17,Calibrated RBF SVM,0,0.5915210659999812,1
2023-02-21,Calibrated RBF SVM,0,0.559799987490038,1
2023-02-22,Calibrated RBF SVM,1,0.5766807929140573,1
2023-02-23,Calibrated RBF SVM,0,0.585874316144761,1
2023-02-24,Calibrated RBF SVM,1,0.5921670618673448,1
2023-02-27,Calibrated RBF SVM,0,0.5759778556749997,1
2023-02-28,Calibrated RBF SVM,0,0.5635206367117714,1
2023-03-01,Calibrated RBF SVM,1,0.6077748999379314,1
2023-03-02,Calibrated RBF SVM,1,0.5834441142575063,1
2023-03-03,Calibrated RBF SVM,1,0.579855296449126,1
2023-03-06,Calibrated RBF SVM,0,0.5448770222084529,1
2023-03-07,Calibrated RBF SVM,1,0.5462370225445062,1
2023-03-08,Calibrated RBF SVM,0,0.5973366523553107,1
2023-03-09,Calibrated RBF SVM,0,0.5708052791092223,1
2023-03-10,Calibrated RBF SVM,0,0.5813339176783284,1
2023-03-13,Calibrated RBF SVM,1,0.5906620961388167,1
2023-03-14,Calibrated RBF SVM,0,0.588258701597327,1
2023-03-15,Calibrated RBF SVM,1,0.6000234805516295,1
2023-03-16,Calibrated RBF SVM,0,0.5630897314786704,1
2023-03-17,Calibrated RBF SVM,1,0.5873144583343967,1
2023-03-20,Calibrated RBF SVM,1,0.5874494636520647,1
2023-03-21,Calibrated RBF SVM,0,0.5588133822520689,1
2023-03-22,Calibrated RBF SVM,1,0.5535932527833096,1
2023-03-23,Calibrated RBF SVM,1,0.5755200036275688,1
2023-03-24,Calibrated RBF SVM,1,0.5686248259628944,1
2023-03-27,Calibrated RBF SVM,0,0.5976081635247605,1
2023-03-28,Calibrated RBF SVM,1,0.5790035742288598,1
2023-03-29,Calibrated RBF SVM,1,0.5639418744900248,1
2023-03-30,Calibrated RBF SVM,1,0.5761394674532643,1
2023-03-31,Calibrated RBF SVM,1,0.5618183754923726,1
2023-04-03,Calibrated RBF SVM,0,0.5668065634600937,1
2023-04-04,Calibrated RBF SVM,0,0.5421574046864621,1
2023-04-05,Calibrated RBF SVM,1,0.5459678336224828,1
2023-04-06,Calibrated RBF SVM,1,0.5540853594396448,1
2023-04-10,Calibrated RBF SVM,1,0.5718864309670377,1
2023-04-11,Calibrated RBF SVM,0,0.5566108183115738,1
2023-04-12,Calibrated RBF SVM,1,0.5678210383779043,1
2023-04-13,Calibrated RBF SVM,0,0.5474857844284962,1
2023-04-14,Calibrated RBF SVM,1,0.5305297289634043,1
2023-04-17,Calibrated RBF SVM,1,0.5301040840111441,1
2023-04-18,Calibrated RBF SVM,0,0.4896287535816368,0
2023-04-19,Calibrated RBF SVM,0,0.5114078768425937,1
2023-04-20,Calibrated RBF SVM,1,0.5396007445152015,1
2023-04-21,Calibrated RBF SVM,1,0.536801293347087,1
2023-04-24,Calibrated RBF SVM,0,0.5165538638768751,1
2023-04-25,Calibrated RBF SVM,0,0.5528515449412376,1
2023-04-26,Calibrated RBF SVM,1,0.5681527746568075,1
2023-04-27,Calibrated RBF SVM,1,0.5329976973218639,1
2023-04-28,Calibrated RBF SVM,0,0.5587919621543177,1
2023-05-01,Calibrated RBF SVM,0,0.5274940146030681,1
2023-05-02,Calibrated RBF SVM,0,0.5644828075441233,1
2023-05-03,Calibrated RBF SVM,0,0.5356124709760399,1
2023-05-04,Calibrated RBF SVM,1,0.5510773135883164,1
2023-05-05,Calibrated RBF SVM,1,0.5280523262392052,1
2023-05-08,Calibrated RBF SVM,0,0.5213770397569091,1
2023-05-09,Calibrated RBF SVM,1,0.5066098725563046,1
2023-05-10,Calibrated RBF SVM,0,0.5463916776914158,1
2023-05-11,Calibrated RBF SVM,0,0.5769510764227168,1
2023-05-12,Calibrated RBF SVM,1,0.5617047988164133,1
2023-05-15,Calibrated RBF SVM,0,0.506927430699327,1
2023-05-16,Calibrated RBF SVM,1,0.5288883130909215,1
2023-05-17,Calibrated RBF SVM,1,0.529600951606328,1
2023-05-18,Calibrated RBF SVM,0,0.5547426241450574,1
2023-05-19,Calibrated RBF SVM,1,0.5861273708308947,1
2023-05-22,Calibrated RBF SVM,0,0.5384304060971143,1
2023-05-23,Calibrated RBF SVM,0,0.5345567668586573,1
2023-05-24,Calibrated RBF SVM,1,0.5455751890413382,1
2023-05-25,Calibrated RBF SVM,1,0.536915745683281,1
2023-05-26,Calibrated RBF SVM,1,0.5368106387436363,1
2023-05-30,Calibrated RBF SVM,0,0.5659418274125065,1
2023-05-31,Calibrated RBF SVM,1,0.5510358315457561,1
2023-06-01,Calibrated RBF SVM,1,0.502406915156573,1
2023-06-02,Calibrated RBF SVM,0,0.5429062537647655,1
2023-06-05,Calibrated RBF SVM,1,0.5610703162369574,1
2023-06-06,Calibrated RBF SVM,0,0.5352287300160213,1
2023-06-07,Calibrated RBF SVM,1,0.5309210666688213,1
2023-06-08,Calibrated RBF SVM,1,0.5569211310802563,1
2023-06-09,Calibrated RBF SVM,1,0.5618101707990247,1
2023-06-12,Calibrated RBF SVM,1,0.5314712092511807,1
2023-06-13,Calibrated RBF SVM,1,0.5192970536047542,1
2023-06-14,Calibrated RBF SVM,1,0.5581825866513012,1
2023-06-15,Calibrated RBF SVM,0,0.5229079918126583,1
2023-06-16,Calibrated RBF SVM,0,0.5456863608218514,1
2023-06-20,Calibrated RBF SVM,0,0.5410464576168974,1
2023-06-21,Calibrated RBF SVM,1,0.5241956484418382,1
2023-06-22,Calibrated RBF SVM,0,0.525261221808827,1
2023-06-23,Calibrated RBF SVM,0,0.5791957141369649,1
2023-06-26,Calibrated RBF SVM,1,0.5894781360178832,1
2023-06-27,Calibrated RBF SVM,1,0.5269512031816571,1
2023-06-28,Calibrated RBF SVM,1,0.5268653341511618,1
2023-06-29,Calibrated RBF SVM,1,0.5505908472140885,1
2023-06-30,Calibrated RBF SVM,1,0.5236347934668147,1
2023-07-03,Calibrated RBF SVM,0,0.5479620454650059,1
2023-07-05,Calibrated RBF SVM,0,0.5220572098106495,1
2023-07-06,Calibrated RBF SVM,0,0.5323700471778201,1
2023-07-07,Calibrated RBF SVM,1,0.5561049961800308,1
2023-07-10,Calibrated RBF SVM,1,0.5427873488557857,1
2023-07-11,Calibrated RBF SVM,1,0.5377333777543908,1
2023-07-12,Calibrated RBF SVM,1,0.5414443554862337,1
2023-07-13,Calibrated RBF SVM,0,0.5337360668463561,1
2023-07-14,Calibrated RBF SVM,1,0.5396818373959212,1
2023-07-17,Calibrated RBF SVM,1,0.5507794791783469,1
2023-07-18,Calibrated RBF SVM,1,0.5121251188228514,1
2023-07-19,Calibrated RBF SVM,0,0.5303112348898714,1
2023-07-20,Calibrated RBF SVM,0,0.5493821622533716,1
2023-07-21,Calibrated RBF SVM,1,0.5324716361332583,1
2023-07-24,Calibrated RBF SVM,1,0.5238157750260867,1
2023-07-25,Calibrated RBF SVM,1,0.5392378577023579,1
2023-07-26,Calibrated RBF SVM,0,0.5460224040338356,1
2023-07-27,Calibrated RBF SVM,1,0.5354745830152737,1
2023-07-28,Calibrated RBF SVM,1,0.5275962590712413,1
2023-07-31,Calibrated RBF SVM,0,0.5300521568918888,1
2023-08-01,Calibrated RBF SVM,0,0.5349923235401143,1
2023-08-02,Calibrated RBF SVM,0,0.5705815843894282,1
2023-08-03,Calibrated RBF SVM,0,0.5359338174793806,1
2023-08-04,Calibrated RBF SVM,1,0.5640621443562014,1
2023-08-07,Calibrated RBF SVM,0,0.5455736957961039,1
2023-08-08,Calibrated RBF SVM,0,0.567577938925259,1
2023-08-09,Calibrated RBF SVM,1,0.5477971299470502,1
2023-08-10,Calibrated RBF SVM,0,0.5603679055129308,1
2023-08-11,Calibrated RBF SVM,1,0.541486206009626,1
2023-08-14,Calibrated RBF SVM,0,0.541526447270196,1
2023-08-15,Calibrated RBF SVM,0,0.5569666842126056,1
2023-08-16,Calibrated RBF SVM,0,0.5577470744305667,1
2023-08-17,Calibrated RBF SVM,1,0.5694341022280439,1
2023-08-18,Calibrated RBF SVM,1,0.5759186989372003,1
2023-08-21,Calibrated RBF SVM,0,0.5599708701372502,1
2023-08-22,Calibrated RBF SVM,1,0.5531221530602598,1
2023-08-23,Calibrated RBF SVM,0,0.5701139120159812,1
2023-08-24,Calibrated RBF SVM,1,0.5580140862242683,1
2023-08-25,Calibrated RBF SVM,1,0.5423706603774056,1
2023-08-28,Calibrated RBF SVM,1,0.5541204396079272,1
2023-08-29,Calibrated RBF SVM,1,0.5657658175732434,1
2023-08-30,Calibrated RBF SVM,0,0.5930434674771013,1
2023-08-31,Calibrated RBF SVM,1,0.5364299948083951,1
2023-09-01,Calibrated RBF SVM,0,0.5396890775402527,1
2023-09-05,Calibrated RBF SVM,0,0.5341449737380236,1
2023-09-06,Calibrated RBF SVM,0,0.5216924270784528,1
2023-09-07,Calibrated RBF SVM,1,0.5282525424256251,1
2023-09-08,Calibrated RBF SVM,1,0.5408636402515153,1
2023-09-11,Calibrated RBF SVM,0,0.5351154742024212,1
2023-09-12,Calibrated RBF SVM,1,0.5549110002260225,1
2023-09-13,Calibrated RBF SVM,1,0.5584000414638238,1
2023-09-14,Calibrated RBF SVM,0,0.5299329081676902,1
2023-09-15,Calibrated RBF SVM,1,0.5545511208888206,1
2023-09-18,Calibrated RBF SVM,0,0.5722525127171351,1
2023-09-19,Calibrated RBF SVM,0,0.538674166985512,1
2023-09-20,Calibrated RBF SVM,0,0.5465371776167924,1
2023-09-21,Calibrated RBF SVM,0,0.5881267175459306,1
2023-09-22,Calibrated RBF SVM,1,0.5512018242366546,1
2023-09-25,Calibrated RBF SVM,0,0.5540925834201459,1
2023-09-26,Calibrated RBF SVM,1,0.5933766396592445,1
2023-09-27,Calibrated RBF SVM,1,0.5903862427760006,1
2023-09-28,Calibrated RBF SVM,0,0.5956535247130853,1
2023-09-29,Calibrated RBF SVM,0,0.5765914657288368,1
2023-10-02,Calibrated RBF SVM,0,0.5973386629812586,1
2023-10-03,Calibrated RBF SVM,1,0.5993061837239679,1
2023-10-04,Calibrated RBF SVM,0,0.6140764857706071,1
2023-10-05,Calibrated RBF SVM,1,0.6061165248693238,1
2023-10-06,Calibrated RBF SVM,1,0.5990554175407,1
2023-10-09,Calibrated RBF SVM,1,0.5770359645410474,1
2023-10-10,Calibrated RBF SVM,1,0.557613229117468,1
2023-10-11,Calibrated RBF SVM,0,0.5638346056619361,1
2023-10-12,Calibrated RBF SVM,0,0.5520076110169496,1
2023-10-13,Calibrated RBF SVM,1,0.5565228332739159,1
2023-10-16,Calibrated RBF SVM,0,0.5418790112610924,1
2023-10-17,Calibrated RBF SVM,0,0.5429467760469855,1
2023-10-18,Calibrated RBF SVM,0,0.5498036609550468,1
2023-10-19,Calibrated RBF SVM,0,0.5511959789388814,1
2023-10-20,Calibrated RBF SVM,0,0.5703946021336083,1
2023-10-23,Calibrated RBF SVM,1,0.593684760256998,1
2023-10-24,Calibrated RBF SVM,0,0.5814377366479974,1
2023-10-25,Calibrated RBF SVM,0,0.5540065359527687,1
2023-10-26,Calibrated RBF SVM,0,0.6004625226463661,1
2023-10-27,Calibrated RBF SVM,1,0.58268952938251,1
2023-10-30,Calibrated RBF SVM,1,0.5944788001597802,1
2023-10-31,Calibrated RBF SVM,1,0.6045038311636151,1
2023-11-01,Calibrated RBF SVM,1,0.6003173208515885,1
2023-11-02,Calibrated RBF SVM,1,0.5737127791000859,1
2023-11-03,Calibrated RBF SVM,1,0.5735797323901753,1
2023-11-06,Calibrated RBF SVM,1,0.5826469483286055,1
2023-11-07,Calibrated RBF SVM,1,0.5775313687051512,1
2023-11-08,Calibrated RBF SVM,0,0.589747303075009,1
2023-11-09,Calibrated RBF SVM,1,0.5749867382615322,1
2023-11-10,Calibrated RBF SVM,0,0.5788553809357753,1
2023-11-13,Calibrated RBF SVM,1,0.522168944003218,1
2023-11-14,Calibrated RBF SVM,1,0.5554789735103601,1
2023-11-15,Calibrated RBF SVM,1,0.5689514148391043,1
2023-11-16,Calibrated RBF SVM,1,0.5685569870265984,1
2023-11-17,Calibrated RBF SVM,1,0.6111297354889688,1
2023-11-20,Calibrated RBF SVM,0,0.573523377730107,1
2023-11-21,Calibrated RBF SVM,1,0.564254737027733,1
2023-11-22,Calibrated RBF SVM,1,0.5634399629181094,1
2023-11-24,Calibrated RBF SVM,0,0.5684529460652389,1
2023-11-27,Calibrated RBF SVM,1,0.58381302120796,1
2023-11-28,Calibrated RBF SVM,0,0.5969765304108006,1
2023-11-29,Calibrated RBF SVM,1,0.5845296794424589,1
2023-11-30,Calibrated RBF SVM,1,0.6058937652558346,1
2023-12-01,Calibrated RBF SVM,0,0.5815111399356764,1
2023-12-04,Calibrated RBF SVM,0,0.5632649708780239,1
2023-12-05,Calibrated RBF SVM,0,0.5789283473292871,1
2023-12-06,Calibrated RBF SVM,1,0.5623128517389405,1
2023-12-07,Calibrated RBF SVM,1,0.558769768353024,1
2023-12-08,Calibrated RBF SVM,1,0.5800793283978989,1
2023-12-11,Calibrated RBF SVM,1,0.5451607046698318,1
2023-12-12,Calibrated RBF SVM,1,0.5549055911907458,1
2023-12-13,Calibrated RBF SVM,1,0.5334706252420113,1
2023-12-14,Calibrated RBF SVM,0,0.5710493341517913,1
2023-12-15,Calibrated RBF SVM,1,0.5654837890289907,1
2023-12-18,Calibrated RBF SVM,1,0.5616651444728606,1
2023-12-19,Calibrated RBF SVM,0,0.5335342776543119,1
2023-12-20,Calibrated RBF SVM,1,0.5594294420196638,1
2023-12-21,Calibrated RBF SVM,1,0.5323104533341468,1
2023-12-22,Calibrated RBF SVM,1,0.5282864038117445,1
2023-12-26,Calibrated RBF SVM,1,0.5386942662613126,1
2023-12-27,Calibrated RBF SVM,1,0.5368373704928887,1
2023-12-28,Calibrated RBF SVM,0,0.5040669339309588,1
2023-12-29,Calibrated RBF SVM,0,0.5521318791548696,1
2022-01-03,Random Forest,0,0.4889515300289497,0
2022-01-04,Random Forest,0,0.5127298910165852,1
2022-01-05,Random Forest,0,0.5167242731170715,1
2022-01-06,Random Forest,0,0.5881850879979319,1
2022-01-07,Random Forest,0,0.5855807010543558,1
2022-01-10,Random Forest,1,0.5993050729855582,1
2022-01-11,Random Forest,1,0.5094217345319187,1
2022-01-12,Random Forest,0,0.6095700393791814,1
2022-01-13,Random Forest,1,0.5715832368672658,1
2022-01-14,Random Forest,0,0.5627104592641623,1
2022-01-18,Random Forest,0,0.609846374780782,1
2022-01-19,Random Forest,0,0.6229341801674104,1
2022-01-20,Random Forest,0,0.5662394602750038,1
2022-01-21,Random Forest,1,0.5275118526296784,1
2022-01-24,Random Forest,0,0.5360354521418295,1
2022-01-25,Random Forest,0,0.6204253768269492,1
2022-01-26,Random Forest,0,0.6142003027852255,1
2022-01-27,Random Forest,1,0.6463832677891014,1
2022-01-28,Random Forest,1,0.5891628344716082,1
2022-01-31,Random Forest,1,0.6112527146305161,1
2022-02-01,Random Forest,1,0.6157245816977018,1
2022-02-02,Random Forest,0,0.5763005858707445,1
2022-02-03,Random Forest,1,0.6122064759348125,1
2022-02-04,Random Forest,0,0.5662948454538196,1
2022-02-07,Random Forest,1,0.5262823371786479,1
2022-02-08,Random Forest,1,0.6012792079499903,1
2022-02-09,Random Forest,0,0.4737526267176432,0
2022-02-10,Random Forest,0,0.5989913839769163,1
2022-02-11,Random Forest,0,0.602625722585322,1
2022-02-14,Random Forest,1,0.6130446694876942,1
2022-02-15,Random Forest,1,0.5048797858630245,1
2022-02-16,Random Forest,0,0.5133385842810052,1
2022-02-17,Random Forest,0,0.47850867384262386,0
2022-02-18,Random Forest,0,0.5659864981930943,1
2022-02-22,Random Forest,0,0.5666356040380326,1
2022-02-23,Random Forest,1,0.5348509771305514,1
2022-02-24,Random Forest,1,0.4724394333620479,0
2022-02-25,Random Forest,0,0.5301778823684719,1
2022-02-28,Random Forest,0,0.5410428304143491,1
2022-03-01,Random Forest,1,0.6604163714074333,1
2022-03-02,Random Forest,0,0.5597828865111801,1
2022-03-03,Random Forest,0,0.5843883434051973,1
2022-03-04,Random Forest,0,0.6026860804234471,1
2022-03-07,Random Forest,0,0.6482551741095205,1
2022-03-08,Random Forest,1,0.6297224762630586,1
2022-03-09,Random Forest,0,0.574296230165189,1
2022-03-10,Random Forest,0,0.5940715693808756,1
2022-03-11,Random Forest,0,0.5901852692480103,1
2022-03-14,Random Forest,1,0.563632635522806,1
2022-03-15,Random Forest,1,0.5977498595337092,1
2022-03-16,Random Forest,1,0.5321844344165289,1
2022-03-17,Random Forest,1,0.4699995105677554,0
2022-03-18,Random Forest,0,0.5571073350174197,1
2022-03-21,Random Forest,1,0.5839297059174701,1
2022-03-22,Random Forest,0,0.4764519359813138,0
2022-03-23,Random Forest,1,0.5555894722509971,1
2022-03-24,Random Forest,1,0.4934252047302811,0
2022-03-25,Random Forest,1,0.5657941613521237,1
2022-03-28,Random Forest,1,0.5805213974952438,1
2022-03-29,Random Forest,0,0.5104808834432685,1
2022-03-30,Random Forest,0,0.6104323378376363,1
2022-03-31,Random Forest,1,0.6054100352333458,1
2022-04-01,Random Forest,1,0.567795480657654,1
2022-04-04,Random Forest,0,0.5487810151081295,1
2022-04-05,Random Forest,0,0.5687548285320153,1
2022-04-06,Random Forest,1,0.6493697332941764,1
2022-04-07,Random Forest,0,0.6264035337971918,1
2022-04-08,Random Forest,0,0.5797309206923816,1
2022-04-11,Random Forest,0,0.6131128585969972,1
2022-04-12,Random Forest,1,0.5813816397344227,1
2022-04-13,Random Forest,0,0.5867997809124462,1
2022-04-14,Random Forest,1,0.5276557785330639,1
2022-04-18,Random Forest,1,0.5641516635675845,1
2022-04-19,Random Forest,0,0.6129652915456195,1
2022-04-20,Random Forest,0,0.5357979035211925,1
2022-04-21,Random Forest,0,0.556242265926983,1
2022-04-22,Random Forest,1,0.7126089061680978,1
2022-04-25,Random Forest,0,0.6172114323744294,1
2022-04-26,Random Forest,1,0.5591461337757806,1
2022-04-27,Random Forest,1,0.6108555659345032,1
2022-04-28,Random Forest,0,0.599113150599411,1
2022-04-29,Random Forest,1,0.5676065992469764,1
2022-05-02,Random Forest,1,0.5431494002713921,1
2022-05-03,Random Forest,1,0.6362405445909628,1
2022-05-04,Random Forest,0,0.549864463738386,1
2022-05-05,Random Forest,0,0.5983250919440035,1
2022-05-06,Random Forest,0,0.6025833077390214,1
2022-05-09,Random Forest,1,0.6454713797376984,1
2022-05-10,Random Forest,0,0.5025234620412801,1
2022-05-11,Random Forest,0,0.5903988408491482,1
2022-05-12,Random Forest,1,0.6117467791320542,1
2022-05-13,Random Forest,0,0.572367020892966,1
2022-05-16,Random Forest,1,0.6012742577693772,1
2022-05-17,Random Forest,0,0.5536569741647204,1
2022-05-18,Random Forest,0,0.6616550642097979,1
2022-05-19,Random Forest,1,0.5401365785223092,1
2022-05-20,Random Forest,1,0.5409594684129959,1
2022-05-23,Random Forest,0,0.5957567769716333,1
2022-05-24,Random Forest,1,0.6151834554973984,1
2022-05-25,Random Forest,1,0.5946633601994118,1
2022-05-26,Random Forest,1,0.5117553700864699,1
2022-05-27,Random Forest,0,0.503932858494178,1
2022-05-31,Random Forest,0,0.6416924221201088,1
2022-06-01,Random Forest,1,0.6064690873726494,1
2022-06-02,Random Forest,0,0.518840248190849,1
2022-06-03,Random Forest,1,0.6003602000263021,1
2022-06-06,Random Forest,1,0.6069095612793519,1
2022-06-07,Random Forest,0,0.5805741688151452,1
2022-06-08,Random Forest,0,0.622733107788748,1
2022-06-09,Random Forest,0,0.5866284114604021,1
2022-06-10,Random Forest,0,0.6118248226929519,1
2022-06-13,Random Forest,0,0.5755187799365311,1
2022-06-14,Random Forest,1,0.49981100687198093,0
2022-06-15,Random Forest,0,0.6057798109802791,1
2022-06-16,Random Forest,1,0.6358386252820577,1
2022-06-17,Random Forest,1,0.5654154812805299,1
2022-06-21,Random Forest,0,0.5226750092344106,1
2022-06-22,Random Forest,1,0.653240501919324,1
2022-06-23,Random Forest,1,0.656149223381037,1
2022-06-24,Random Forest,0,0.5030676700349953,1
2022-06-27,Random Forest,0,0.5339248881085534,1
2022-06-28,Random Forest,0,0.5894049017555457,1
2022-06-29,Random Forest,0,0.5598758470767957,1
2022-06-30,Random Forest,1,0.6421079756229406,1
2022-07-01,Random Forest,1,0.6417143607978384,1
2022-07-05,Random Forest,1,0.5992081238857525,1
2022-07-06,Random Forest,1,0.6267188145718311,1
2022-07-07,Random Forest,0,0.4854999649517617,0
2022-07-08,Random Forest,0,0.5852011645826245,1
2022-07-11,Random Forest,0,0.5546591931742468,1
2022-07-12,Random Forest,0,0.5307197672282755,1
2022-07-13,Random Forest,0,0.5201620645078034,1
2022-07-14,Random Forest,1,0.5932652153203738,1
2022-07-15,Random Forest,0,0.5856576025403067,1
2022-07-18,Random Forest,1,0.5666590026809245,1
2022-07-19,Random Forest,1,0.5731207346518455,1
2022-07-20,Random Forest,1,0.621118881952621,1
2022-07-21,Random Forest,0,0.5779978733799744,1
2022-07-22,Random Forest,1,0.6829291146205287,1
2022-07-25,Random Forest,0,0.5470746158897715,1
2022-07-26,Random Forest,1,0.6068569467796238,1
2022-07-27,Random Forest,1,0.5327964407264454,1
2022-07-28,Random Forest,1,0.5140850175337429,1
2022-07-29,Random Forest,0,0.448492491909348,0
2022-08-01,Random Forest,0,0.5490103130136992,1
2022-08-02,Random Forest,1,0.6100828928238927,1
2022-08-03,Random Forest,0,0.5036545941687011,1
2022-08-04,Random Forest,0,0.5678492002305219,1
2022-08-05,Random Forest,0,0.6213822723416759,1
2022-08-08,Random Forest,0,0.5388762306167545,1
2022-08-09,Random Forest,1,0.5196820162697612,1
2022-08-10,Random Forest,0,0.5085086918214771,1
2022-08-11,Random Forest,1,0.4920886467639489,0
2022-08-12,Random Forest,1,0.49218789397103746,0
2022-08-15,Random Forest,1,0.46761922979421694,0
2022-08-16,Random Forest,0,0.4977558555767159,0
2022-08-17,Random Forest,1,0.573298640678347,1
2022-08-18,Random Forest,0,0.46653445536274046,0
2022-08-19,Random Forest,0,0.6143809558210114,1
2022-08-22,Random Forest,0,0.622721108010957,1
2022-08-23,Random Forest,1,0.5149747909915677,1
2022-08-24,Random Forest,1,0.5669102141078188,1
2022-08-25,Random Forest,0,0.5730531500951196,1
2022-08-26,Random Forest,0,0.5595274861939952,1
2022-08-29,Random Forest,0,0.6458595829817348,1
2022-08-30,Random Forest,0,0.6790439978057861,1
2022-08-31,Random Forest,1,0.605784324692317,1
2022-09-01,Random Forest,0,0.6756377082884778,1
2022-09-02,Random Forest,0,0.6185189135776094,1
2022-09-06,Random Forest,1,0.589510421356163,1
2022-09-07,Random Forest,1,0.6045767860015594,1
2022-09-08,Random Forest,1,0.6564977045977113,1
2022-09-09,Random Forest,1,0.5321106546161426,1
2022-09-12,Random Forest,0,0.4831203261778599,0
2022-09-13,Random Forest,1,0.6361008449702501,1
2022-09-14,Random Forest,0,0.604203682296722,1
2022-09-15,Random Forest,0,0.666874457137364,1
2022-09-16,Random Forest,1,0.6784868546433727,1
2022-09-19,Random Forest,0,0.5670337738433282,1
2022-09-20,Random Forest,0,0.6093297234388738,1
2022-09-21,Random Forest,0,0.5440196113628636,1
2022-09-22,Random Forest,0,0.6387834142090114,1
2022-09-23,Random Forest,0,0.6481341060802869,1
2022-09-26,Random Forest,0,0.5230140047695124,1
2022-09-27,Random Forest,1,0.5212500404881522,1
2022-09-28,Random Forest,0,0.5382771530039092,1
2022-09-29,Random Forest,0,0.6059094981253805,1
2022-09-30,Random Forest,1,0.5096331847446038,1
2022-10-03,Random Forest,1,0.5581389283676755,1
2022-10-04,Random Forest,0,0.5373531272388855,1
2022-10-05,Random Forest,0,0.6109411464739103,1
2022-10-06,Random Forest,0,0.6567715766307958,1
2022-10-07,Random Forest,0,0.7039772742687488,1
2022-10-10,Random Forest,0,0.6095721996673203,1
2022-10-11,Random Forest,0,0.5703410879091708,1
2022-10-12,Random Forest,1,0.6286298444473272,1
2022-10-13,Random Forest,0,0.5344790766456085,1
2022-10-14,Random Forest,1,0.6550145401255998,1
2022-10-17,Random Forest,1,0.6039763786952468,1
2022-10-18,Random Forest,0,0.6205442131863398,1
2022-10-19,Random Forest,0,0.5953801741898785,1
2022-10-20,Random Forest,1,0.5914163276434308,1
2022-10-21,Random Forest,1,0.5024262496655757,1
2022-10-24,Random Forest,1,0.5238195876942439,1
2022-10-25,Random Forest,0,0.5137609275676834,1
2022-10-26,Random Forest,0,0.6506025073726204,1
2022-10-27,Random Forest,1,0.5588796403842216,1
2022-10-28,Random Forest,0,0.47709334379779156,0
2022-10-31,Random Forest,0,0.6102272502534891,1
2022-11-01,Random Forest,0,0.6403566372387882,1
2022-11-02,Random Forest,0,0.6146632687577179,1
2022-11-03,Random Forest,1,0.5863554236657531,1
2022-11-04,Random Forest,1,0.6027632592656961,1
2022-11-07,Random Forest,1,0.6003484030333059,1
2022-11-08,Random Forest,0,0.6034145722579899,1
2022-11-09,Random Forest,1,0.5978898838953004,1
2022-11-10,Random Forest,1,0.4582546223008555,0
2022-11-11,Random Forest,0,0.4934971049389735,0
2022-11-14,Random Forest,1,0.6118544835152776,1
2022-11-15,Random Forest,0,0.5591926408572815,1
2022-11-16,Random Forest,0,0.5826350930248217,1
2022-11-17,Random Forest,1,0.662860513900877,1
2022-11-18,Random Forest,0,0.5896315697219816,1
2022-11-21,Random Forest,1,0.5787379544919988,1
2022-11-22,Random Forest,1,0.6276444336619651,1
2022-11-23,Random Forest,0,0.5550085602838644,1
2022-11-25,Random Forest,0,0.5347926456545437,1
2022-11-28,Random Forest,0,0.6671468134388295,1
2022-11-29,Random Forest,1,0.553756025054624,1
2022-11-30,Random Forest,0,0.5333285924577974,1
2022-12-01,Random Forest,0,0.490372172162677,0
2022-12-02,Random Forest,0,0.5423723411597012,1
2022-12-05,Random Forest,0,0.6290236377263249,1
2022-12-06,Random Forest,0,0.6257819172924762,1
2022-12-07,Random Forest,1,0.6108590610558062,1
2022-12-08,Random Forest,0,0.6010517397177096,1
2022-12-09,Random Forest,1,0.5736045393884883,1
2022-12-12,Random Forest,1,0.5528971361538022,1
2022-12-13,Random Forest,0,0.5535666017435743,1
2022-12-14,Random Forest,0,0.6223583078905061,1
2022-12-15,Random Forest,0,0.6985559221056005,1
2022-12-16,Random Forest,0,0.7373041183614963,1
2022-12-19,Random Forest,1,0.6549840668031082,1
2022-12-20,Random Forest,1,0.6300166610167729,1
2022-12-21,Random Forest,0,0.6737626750954209,1
2022-12-22,Random Forest,1,0.7117641314152965,1
2022-12-23,Random Forest,0,0.649318115766433,1
2022-12-27,Random Forest,0,0.6129660428536711,1
2022-12-28,Random Forest,1,0.6026179340842901,1
2022-12-29,Random Forest,0,0.6603930581899513,1
2022-12-30,Random Forest,0,0.6985177337003681,1
2023-01-03,Random Forest,1,0.6696150950778627,1
2023-01-04,Random Forest,0,0.6395242137715312,1
2023-01-05,Random Forest,1,0.6492143087605194,1
2023-01-06,Random Forest,0,0.5482539362222073,1
2023-01-09,Random Forest,1,0.572016456019953,1
2023-01-10,Random Forest,1,0.6086815663132293,1
2023-01-11,Random Forest,1,0.5215235939788784,1
2023-01-12,Random Forest,1,0.5746218887372697,1
2023-01-13,Random Forest,0,0.6165682949064857,1
2023-01-17,Random Forest,0,0.6390109170478,1
2023-01-18,Random Forest,0,0.49570036857117666,0
2023-01-19,Random Forest,1,0.6392471412605714,1
2023-01-20,Random Forest,1,0.45778987958150374,0
2023-01-23,Random Forest,0,0.5531740117135578,1
2023-01-24,Random Forest,1,0.610698201349054,1
2023-01-25,Random Forest,1,0.627315083472058,1
2023-01-26,Random Forest,1,0.5773257740705248,1
2023-01-27,Random Forest,0,0.5815174291469744,1
2023-01-30,Random Forest,1,0.6389988833340638,1
2023-01-31,Random Forest,1,0.4782894976379969,0
2023-02-01,Random Forest,1,0.5223564067591351,1
2023-02-02,Random Forest,0,0.4314829937768064,0
2023-02-03,Random Forest,0,0.5375949659627165,1
2023-02-06,Random Forest,1,0.5979539058581717,1
2023-02-07,Random Forest,0,0.520777232640045,1
2023-02-08,Random Forest,0,0.6017284425699057,1
2023-02-09,Random Forest,1,0.5985275145887763,1
2023-02-10,Random Forest,1,0.6103686106159568,1
2023-02-13,Random Forest,0,0.4911826485013068,0
2023-02-14,Random Forest,1,0.5947868384877842,1
2023-02-15,Random Forest,0,0.5174415112928333,1
2023-02-16,Random Forest,0,0.5619024547381811,1
2023-02-17,Random Forest,0,0.5875113063100526,1
2023-02-21,Random Forest,0,0.5903627910242801,1
2023-02-22,Random Forest,1,0.5632519803929975,1
2023-02-23,Random Forest,0,0.5202747916925407,1
2023-02-24,Random Forest,1,0.660287544200457,1
2023-02-27,Random Forest,0,0.5802506978176103,1
2023-02-28,Random Forest,0,0.5474988371865357,1
2023-03-01,Random Forest,1,0.6763309010450252,1
2023-03-02,Random Forest,1,0.6126470787978916,1
2023-03-03,Random Forest,1,0.5177989502915578,1
2023-03-06,Random Forest,0,0.4923925881463546,0
2023-03-07,Random Forest,1,0.5050266110651764,1
2023-03-08,Random Forest,0,0.5926672791389488,1
2023-03-09,Random Forest,0,0.584484654304252,1
2023-03-10,Random Forest,0,0.4756324362180225,0
2023-03-13,Random Forest,1,0.5740845112965439,1
2023-03-14,Random Forest,0,0.5972452820471101,1
2023-03-15,Random Forest,1,0.6122134947716281,1
2023-03-16,Random Forest,0,0.5741036261983603,1
2023-03-17,Random Forest,1,0.6751188768618142,1
2023-03-20,Random Forest,1,0.555146750065961,1
2023-03-21,Random Forest,0,0.5211435009849679,1
2023-03-22,Random Forest,1,0.43546977227917644,0
2023-03-23,Random Forest,1,0.5484035205905254,1
2023-03-24,Random Forest,1,0.5791330513959931,1
2023-03-27,Random Forest,0,0.49720835378858513,0
2023-03-28,Random Forest,1,0.5408908901067913,1
2023-03-29,Random Forest,1,0.6031906252901241,1
2023-03-30,Random Forest,1,0.5351487991620911,1
2023-03-31,Random Forest,1,0.46638711276044464,0
2023-04-03,Random Forest,0,0.5328477965440568,1
2023-04-04,Random Forest,0,0.49519777207614457,0
2023-04-05,Random Forest,1,0.627856643265327,1
2023-04-06,Random Forest,1,0.5525489803019302,1
2023-04-10,Random Forest,1,0.5993611399861688,1
2023-04-11,Random Forest,0,0.5268778101797177,1
2023-04-12,Random Forest,1,0.5326995230366492,1
2023-04-13,Random Forest,0,0.5506817095870432,1
2023-04-14,Random Forest,1,0.5896594430486877,1
2023-04-17,Random Forest,1,0.5522929001675371,1
2023-04-18,Random Forest,0,0.5940609903867557,1
2023-04-19,Random Forest,0,0.46786959837836534,0
2023-04-20,Random Forest,1,0.5681351380623194,1
2023-04-21,Random Forest,1,0.5029502220651773,1
2023-04-24,Random Forest,0,0.5067569659779243,1
2023-04-25,Random Forest,0,0.5463855493079391,1
2023-04-26,Random Forest,1,0.5554831462458306,1
2023-04-27,Random Forest,1,0.5019057743228553,1
2023-04-28,Random Forest,0,0.4982933167198679,0
2023-05-01,Random Forest,0,0.5098064081767611,1
2023-05-02,Random Forest,0,0.5810101646007384,1
2023-05-03,Random Forest,0,0.46660551551879736,0
2023-05-04,Random Forest,1,0.6143993614428698,1
2023-05-05,Random Forest,1,0.5027273456239596,1
2023-05-08,Random Forest,0,0.5706742516931209,1
2023-05-09,Random Forest,1,0.49137805219082265,0
2023-05-10,Random Forest,0,0.46877024291207503,0
2023-05-11,Random Forest,0,0.5546146156238639,1
2023-05-12,Random Forest,1,0.5895033099708682,1
2023-05-15,Random Forest,0,0.4350978756907048,0
2023-05-16,Random Forest,1,0.45166413646147546,0
2023-05-17,Random Forest,1,0.3920488729595219,0
2023-05-18,Random Forest,0,0.4353156072585278,0
2023-05-19,Random Forest,1,0.48213034658720216,0
2023-05-22,Random Forest,0,0.544482879618961,1
2023-05-23,Random Forest,0,0.5443395894432029,1
2023-05-24,Random Forest,1,0.5566528327607808,1
2023-05-25,Random Forest,1,0.52418225967946,1
2023-05-26,Random Forest,1,0.45604095947259243,0
2023-05-30,Random Forest,0,0.5112476117729424,1
2023-05-31,Random Forest,1,0.5525986159859175,1
2023-06-01,Random Forest,1,0.4914570358402675,0
2023-06-02,Random Forest,0,0.42100872012950896,0
2023-06-05,Random Forest,1,0.6033377804110461,1
2023-06-06,Random Forest,0,0.5650549710678954,1
2023-06-07,Random Forest,1,0.5638895352504911,1
2023-06-08,Random Forest,1,0.5448784473766901,1
2023-06-09,Random Forest,1,0.6042363982442245,1
2023-06-12,Random Forest,1,0.5259313495673975,1
2023-06-13,Random Forest,1,0.48180022171483505,0
2023-06-14,Random Forest,1,0.5258176091599169,1
2023-06-15,Random Forest,0,0.48942620238450635,0
2023-06-16,Random Forest,0,0.5232393705503263,1
2023-06-20,Random Forest,0,0.5667413883555488,1
2023-06-21,Random Forest,1,0.611597229941346,1
2023-06-22,Random Forest,0,0.5430321690818409,1
2023-06-23,Random Forest,0,0.6344143486334897,1
2023-06-26,Random Forest,1,0.6199562669121924,1
2023-06-27,Random Forest,1,0.5169953663370592,1
2023-06-28,Random Forest,1,0.529834878562581,1
2023-06-29,Random Forest,1,0.5408956534289238,1
2023-06-30,Random Forest,1,0.5537329957064172,1
2023-07-03,Random Forest,0,0.4872183695441277,0
2023-07-05,Random Forest,0,0.5133917978444088,1
2023-07-06,Random Forest,0,0.5445031144512494,1
2023-07-07,Random Forest,1,0.555779402622456,1
2023-07-10,Random Forest,1,0.5872386004832666,1
2023-07-11,Random Forest,1,0.5182968962848373,1
2023-07-12,Random Forest,1,0.5351154521602111,1
2023-07-13,Random Forest,0,0.5174834686805321,1
2023-07-14,Random Forest,1,0.5465680021532431,1
2023-07-17,Random Forest,1,0.44499808714716965,0
2023-07-18,Random Forest,1,0.4968126031956219,0
2023-07-19,Random Forest,0,0.5483197044247948,1
2023-07-20,Random Forest,0,0.5101019480595788,1
2023-07-21,Random Forest,1,0.5099557712832705,1
2023-07-24,Random Forest,1,0.4127990148353019,0
2023-07-25,Random Forest,1,0.5309463162252264,1
2023-07-26,Random Forest,0,0.5244320349750323,1
2023-07-27,Random Forest,1,0.438172336066172,0
2023-07-28,Random Forest,1,0.3766495254593137,0
2023-07-31,Random Forest,0,0.3945647476537941,0
2023-08-01,Random Forest,0,0.4588836704393341,0
2023-08-02,Random Forest,0,0.5396670506986703,1
2023-08-03,Random Forest,0,0.530992998366504,1
2023-08-04,Random Forest,1,0.5741884662594249,1
2023-08-07,Random Forest,0,0.5789581823030643,1
2023-08-08,Random Forest,0,0.49848223641795225,0
2023-08-09,Random Forest,1,0.5680440302185444,1
2023-08-10,Random Forest,0,0.5520798904540762,1
2023-08-11,Random Forest,1,0.4878300277911951,0
2023-08-14,Random Forest,0,0.5532338285017931,1
2023-08-15,Random Forest,0,0.6273140113283405,1
2023-08-16,Random Forest,0,0.575422385998435,1
2023-08-17,Random Forest,1,0.5966103193964062,1
2023-08-18,Random Forest,1,0.6077166698829897,1
2023-08-21,Random Forest,0,0.6480130208710705,1
2023-08-22,Random Forest,1,0.6416092058341205,1
2023-08-23,Random Forest,0,0.5005896505607323,1
2023-08-24,Random Forest,1,0.4809367615309242,0
2023-08-25,Random Forest,1,0.49013056348701456,0
2023-08-28,Random Forest,1,0.5466654541142748,1
2023-08-29,Random Forest,1,0.4802976461527628,0
2023-08-30,Random Forest,0,0.5341223424976962,1
2023-08-31,Random Forest,1,0.5058953229707485,1
2023-09-01,Random Forest,0,0.5281760342454945,1
2023-09-05,Random Forest,0,0.47383738164038036,0
2023-09-06,Random Forest,0,0.5605444609552015,1
2023-09-07,Random Forest,1,0.516061790604118,1
2023-09-08,Random Forest,1,0.5506649926443095,1
2023-09-11,Random Forest,0,0.5516224824495809,1
2023-09-12,Random Forest,1,0.5577647378499608,1
2023-09-13,Random Forest,1,0.48280977433579947,0
2023-09-14,Random Forest,0,0.4671142369203772,0
2023-09-15,Random Forest,1,0.4688137177265873,0
2023-09-18,Random Forest,0,0.4897185328637237,0
2023-09-19,Random Forest,0,0.5390702379830249,1
2023-09-20,Random Forest,0,0.5351075942498933,1
2023-09-21,Random Forest,0,0.5863411264905561,1
2023-09-22,Random Forest,1,0.5685086494459918,1
2023-09-25,Random Forest,0,0.5987057448804223,1
2023-09-26,Random Forest,1,0.7120203452144512,1
2023-09-27,Random Forest,1,0.6535013705474322,1
2023-09-28,Random Forest,0,0.6181242601002219,1
2023-09-29,Random Forest,0,0.5679936100668516,1
2023-10-02,Random Forest,0,0.6209022922411039,1
2023-10-03,Random Forest,1,0.6477123166539378,1
2023-10-04,Random Forest,0,0.5975113189101372,1
2023-10-05,Random Forest,1,0.5996050796357515,1
2023-10-06,Random Forest,1,0.525638903903727,1
2023-10-09,Random Forest,1,0.5639156777571434,1
2023-10-10,Random Forest,1,0.550093627413553,1
2023-10-11,Random Forest,0,0.5919609791406325,1
2023-10-12,Random Forest,0,0.552323241386197,1
2023-10-13,Random Forest,1,0.5039320090736633,1
2023-10-16,Random Forest,0,0.5153364339536572,1
2023-10-17,Random Forest,0,0.5592263321443538,1
2023-10-18,Random Forest,0,0.5798423315810327,1
2023-10-19,Random Forest,0,0.4857546766608716,0
2023-10-20,Random Forest,0,0.5417375972715216,1
2023-10-23,Random Forest,1,0.553048614437377,1
2023-10-24,Random Forest,0,0.548978184700197,1
2023-10-25,Random Forest,0,0.6343105969412162,1
2023-10-26,Random Forest,0,0.6478788746411012,1
2023-10-27,Random Forest,1,0.6136266777218735,1
2023-10-30,Random Forest,1,0.6118614360551499,1
2023-10-31,Random Forest,1,0.5813365472882005,1
2023-11-01,Random Forest,1,0.5853656827734467,1
2023-11-02,Random Forest,1,0.46793973566028957,0
2023-11-03,Random Forest,1,0.4875514168283901,0
2023-11-06,Random Forest,1,0.5147236189423994,1
2023-11-07,Random Forest,1,0.6020076189473071,1
2023-11-08,Random Forest,0,0.5781297635404937,1
2023-11-09,Random Forest,1,0.48903954848239234,0
2023-11-10,Random Forest,0,0.5393725179492078,1
2023-11-13,Random Forest,1,0.4683971512757041,0
2023-11-14,Random Forest,1,0.49310850003581397,0
2023-11-15,Random Forest,1,0.5112215527576416,1
2023-11-16,Random Forest,1,0.5844036626822828,1
2023-11-17,Random Forest,1,0.6292223360189599,1
2023-11-20,Random Forest,0,0.5597293777506703,1
2023-11-21,Random Forest,1,0.4721102312026356,0
2023-11-22,Random Forest,1,0.5086727018779472,1
2023-11-24,Random Forest,0,0.49748727174913093,0
2023-11-27,Random Forest,1,0.5620704086609679,1
2023-11-28,Random Forest,0,0.6108504037668623,1
2023-11-29,Random Forest,1,0.5213266266163712,1
2023-11-30,Random Forest,1,0.5064167341488275,1
2023-12-01,Random Forest,0,0.5108284000861559,1
2023-12-04,Random Forest,0,0.5091944170240014,1
2023-12-05,Random Forest,0,0.49455093960265945,0
2023-12-06,Random Forest,1,0.529318507642597,1
2023-12-07,Random Forest,1,0.5286691531853742,1
2023-12-08,Random Forest,1,0.47624836061401704,0
2023-12-11,Random Forest,1,0.48245383071908543,0
2023-12-12,Random Forest,1,0.47349658288614216,0
2023-12-13,Random Forest,1,0.4689065517319646,0
2023-12-14,Random Forest,0,0.4488307777019446,0
2023-12-15,Random Forest,1,0.4845265356860138,0
2023-12-18,Random Forest,1,0.4673008698662209,0
2023-12-19,Random Forest,0,0.47193008158799443,0
2023-12-20,Random Forest,1,0.5643546277604656,1
2023-12-21,Random Forest,1,0.4375993842318678,0
2023-12-22,Random Forest,1,0.48802360259575406,0
2023-12-26,Random Forest,1,0.4909972846189719,0
2023-12-27,Random Forest,1,0.5022838047939167,1
2023-12-28,Random Forest,0,0.5255927379609423,1
2023-12-29,Random Forest,0,0.5298223264597859,1
2022-01-03,XGBoost,0,0.3129550814628601,0
2022-01-04,XGBoost,0,0.4263477325439453,0
2022-01-05,XGBoost,0,0.555605411529541,1
2022-01-06,XGBoost,0,0.7072716951370239,1
2022-01-07,XGBoost,0,0.6553097367286682,1
2022-01-10,XGBoost,1,0.8561068773269653,1
2022-01-11,XGBoost,1,0.7596980333328247,1
2022-01-12,XGBoost,0,0.8509864807128906,1
2022-01-13,XGBoost,1,0.570908784866333,1
2022-01-14,XGBoost,0,0.4148683547973633,0
2022-01-18,XGBoost,0,0.7738279700279236,1
2022-01-19,XGBoost,0,0.8324658870697021,1
2022-01-20,XGBoost,0,0.865965723991394,1
2022-01-21,XGBoost,1,0.8140544295310974,1
2022-01-24,XGBoost,0,0.7352553606033325,1
2022-01-25,XGBoost,0,0.9038195610046387,1
2022-01-26,XGBoost,0,0.9286535382270813,1
2022-01-27,XGBoost,1,0.8783295750617981,1
2022-01-28,XGBoost,1,0.7220807671546936,1
2022-01-31,XGBoost,1,0.827895998954773,1
2022-02-01,XGBoost,1,0.8742713928222656,1
2022-02-02,XGBoost,0,0.689932644367218,1
2022-02-03,XGBoost,1,0.5564405918121338,1
2022-02-04,XGBoost,0,0.5292120575904846,1
2022-02-07,XGBoost,1,0.5789107084274292,1
2022-02-08,XGBoost,1,0.9433214664459229,1
2022-02-09,XGBoost,0,0.19520920515060425,0
2022-02-10,XGBoost,0,0.7458513975143433,1
2022-02-11,XGBoost,0,0.5237571597099304,1
2022-02-14,XGBoost,1,0.6694604158401489,1
2022-02-15,XGBoost,1,0.8136752843856812,1
2022-02-16,XGBoost,0,0.73701012134552,1
2022-02-17,XGBoost,0,0.18311505019664764,0
2022-02-18,XGBoost,0,0.415662556886673,0
2022-02-22,XGBoost,0,0.6493862271308899,1
2022-02-23,XGBoost,1,0.8948079347610474,1
2022-02-24,XGBoost,1,0.2648814022541046,0
2022-02-25,XGBoost,0,0.7227477431297302,1
2022-02-28,XGBoost,0,0.6090317964553833,1
2022-03-01,XGBoost,1,0.9367117881774902,1
2022-03-02,XGBoost,0,0.5260972380638123,1
2022-03-03,XGBoost,0,0.5784242749214172,1
2022-03-04,XGBoost,0,0.8017549514770508,1
2022-03-07,XGBoost,0,0.9297907948493958,1
2022-03-08,XGBoost,1,0.9118116497993469,1
2022-03-09,XGBoost,0,0.7683433890342712,1
2022-03-10,XGBoost,0,0.6568134427070618,1
2022-03-11,XGBoost,0,0.5635159611701965,1
2022-03-14,XGBoost,1,0.45807597041130066,0
2022-03-15,XGBoost,1,0.8598315119743347,1
2022-03-16,XGBoost,1,0.770188570022583,1
2022-03-17,XGBoost,1,0.7070486545562744,1
2022-03-18,XGBoost,0,0.5838302373886108,1
2022-03-21,XGBoost,1,0.6271650791168213,1
2022-03-22,XGBoost,0,0.31785568594932556,0
2022-03-23,XGBoost,1,0.40649256110191345,0
2022-03-24,XGBoost,1,0.4969334304332733,0
2022-03-25,XGBoost,1,0.5838108658790588,1
2022-03-28,XGBoost,1,0.6270834803581238,1
2022-03-29,XGBoost,0,0.3501693606376648,0
2022-03-30,XGBoost,0,0.4878236651420593,0
2022-03-31,XGBoost,1,0.6638621091842651,1
2022-04-01,XGBoost,1,0.5867879390716553,1
2022-04-04,XGBoost,0,0.7123754620552063,1
2022-04-05,XGBoost,0,0.7486980557441711,1
2022-04-06,XGBoost,1,0.9322386980056763,1
2022-04-07,XGBoost,0,0.8847129940986633,1
2022-04-08,XGBoost,0,0.7781985402107239,1
2022-04-11,XGBoost,0,0.9336622357368469,1
2022-04-12,XGBoost,1,0.5444328784942627,1
2022-04-13,XGBoost,0,0.8032746911048889,1
2022-04-14,XGBoost,1,0.5953757166862488,1
2022-04-18,XGBoost,1,0.4615802466869354,0
2022-04-19,XGBoost,0,0.9215651750564575,1
2022-04-20,XGBoost,0,0.547261118888855,1
2022-04-21,XGBoost,0,0.7090036273002625,1
2022-04-22,XGBoost,1,0.9739728569984436,1
2022-04-25,XGBoost,0,0.897783100605011,1
2022-04-26,XGBoost,1,0.9352465867996216,1
2022-04-27,XGBoost,1,0.9541213512420654,1
2022-04-28,XGBoost,0,0.6834085583686829,1
2022-04-29,XGBoost,1,0.4518549144268036,0
2022-05-02,XGBoost,1,0.757239818572998,1
2022-05-03,XGBoost,1,0.8550801277160645,1
2022-05-04,XGBoost,0,0.5909155011177063,1
2022-05-05,XGBoost,0,0.5990166664123535,1
2022-05-06,XGBoost,0,0.8534345626831055,1
2022-05-09,XGBoost,1,0.8331213593482971,1
2022-05-10,XGBoost,0,0.49302804470062256,0
2022-05-11,XGBoost,0,0.6477633714675903,1
2022-05-12,XGBoost,1,0.7178433537483215,1
2022-05-13,XGBoost,0,0.5590982437133789,1
2022-05-16,XGBoost,1,0.7682159543037415,1
2022-05-17,XGBoost,0,0.7559926509857178,1
2022-05-18,XGBoost,0,0.8836081027984619,1
2022-05-19,XGBoost,1,0.534932553768158,1
2022-05-20,XGBoost,1,0.36459723114967346,0
2022-05-23,XGBoost,0,0.8312484622001648,1
2022-05-24,XGBoost,1,0.8048326969146729,1
2022-05-25,XGBoost,1,0.8556553721427917,1
2022-05-26,XGBoost,1,0.33965495228767395,0
2022-05-27,XGBoost,0,0.7695618867874146,1
2022-05-31,XGBoost,0,0.853147029876709,1
2022-06-01,XGBoost,1,0.7846525311470032,1
2022-06-02,XGBoost,0,0.4855496287345886,0
2022-06-03,XGBoost,1,0.643012285232544,1
2022-06-06,XGBoost,1,0.8271691203117371,1
2022-06-07,XGBoost,0,0.8517849445343018,1
2022-06-08,XGBoost,0,0.8572743535041809,1
2022-06-09,XGBoost,0,0.5967200994491577,1
2022-06-10,XGBoost,0,0.8129408359527588,1
2022-06-13,XGBoost,0,0.7500860691070557,1
2022-06-14,XGBoost,1,0.6813721656799316,1
2022-06-15,XGBoost,0,0.8038612604141235,1
2022-06-16,XGBoost,1,0.9412840604782104,1
2022-06-17,XGBoost,1,0.8353392481803894,1
2022-06-21,XGBoost,0,0.5238054394721985,1
2022-06-22,XGBoost,1,0.7485688328742981,1
2022-06-23,XGBoost,1,0.8763458728790283,1
2022-06-24,XGBoost,0,0.5283434391021729,1
2022-06-27,XGBoost,0,0.7183494567871094,1
2022-06-28,XGBoost,0,0.6966884136199951,1
2022-06-29,XGBoost,0,0.7267479300498962,1
2022-06-30,XGBoost,1,0.8813986778259277,1
2022-07-01,XGBoost,1,0.8736319541931152,1
2022-07-05,XGBoost,1,0.7686723470687866,1
2022-07-06,XGBoost,1,0.8822468519210815,1
2022-07-07,XGBoost,0,0.511462390422821,1
2022-07-08,XGBoost,0,0.8098092079162598,1
2022-07-11,XGBoost,0,0.4616774320602417,0
2022-07-12,XGBoost,0,0.49010854959487915,0
2022-07-13,XGBoost,0,0.39626917243003845,0
2022-07-14,XGBoost,1,0.7327069640159607,1
2022-07-15,XGBoost,0,0.6471377611160278,1
2022-07-18,XGBoost,1,0.6332083940505981,1
2022-07-19,XGBoost,1,0.898371160030365,1
2022-07-20,XGBoost,1,0.7639437913894653,1
2022-07-21,XGBoost,0,0.9474874138832092,1
2022-07-22,XGBoost,1,0.8681398630142212,1
2022-07-25,XGBoost,0,0.4489913582801819,0
2022-07-26,XGBoost,1,0.8089621067047119,1
2022-07-27,XGBoost,1,0.7357205748558044,1
2022-07-28,XGBoost,1,0.8057447075843811,1
2022-07-29,XGBoost,0,0.392269492149353,0
2022-08-01,XGBoost,0,0.3541535437107086,0
2022-08-02,XGBoost,1,0.891970157623291,1
2022-08-03,XGBoost,0,0.4271482825279236,0
2022-08-04,XGBoost,0,0.9386855959892273,1
2022-08-05,XGBoost,0,0.892058253288269,1
2022-08-08,XGBoost,0,0.49620679020881653,0
2022-08-09,XGBoost,1,0.4080769717693329,0
2022-08-10,XGBoost,0,0.6436727643013,1
2022-08-11,XGBoost,1,0.5507956743240356,1
2022-08-12,XGBoost,1,0.7663089632987976,1
2022-08-15,XGBoost,1,0.22893385589122772,0
2022-08-16,XGBoost,0,0.3308720290660858,0
2022-08-17,XGBoost,1,0.8433681130409241,1
2022-08-18,XGBoost,0,0.3711443543434143,0
2022-08-19,XGBoost,0,0.8999989032745361,1
2022-08-22,XGBoost,0,0.8595049977302551,1
2022-08-23,XGBoost,1,0.5601539015769958,1
2022-08-24,XGBoost,1,0.8220729231834412,1
2022-08-25,XGBoost,0,0.7429373860359192,1
2022-08-26,XGBoost,0,0.5872797966003418,1
2022-08-29,XGBoost,0,0.7324327826499939,1
2022-08-30,XGBoost,0,0.9237896800041199,1
2022-08-31,XGBoost,1,0.8427371382713318,1
2022-09-01,XGBoost,0,0.6708669066429138,1
2022-09-02,XGBoost,0,0.5973204374313354,1
2022-09-06,XGBoost,1,0.9418728947639465,1
2022-09-07,XGBoost,1,0.8524564504623413,1
2022-09-08,XGBoost,1,0.75178462266922,1
2022-09-09,XGBoost,1,0.6665645241737366,1
2022-09-12,XGBoost,0,0.434906005859375,0
2022-09-13,XGBoost,1,0.8809769749641418,1
2022-09-14,XGBoost,0,0.7447794675827026,1
2022-09-15,XGBoost,0,0.9062901735305786,1
2022-09-16,XGBoost,1,0.940747082233429,1
2022-09-19,XGBoost,0,0.8155934810638428,1
2022-09-20,XGBoost,0,0.7054126858711243,1
2022-09-21,XGBoost,0,0.7444488406181335,1
2022-09-22,XGBoost,0,0.8526527881622314,1
2022-09-23,XGBoost,0,0.9306910634040833,1
2022-09-26,XGBoost,0,0.6680591106414795,1
2022-09-27,XGBoost,1,0.8227657079696655,1
2022-09-28,XGBoost,0,0.5185683369636536,1
2022-09-29,XGBoost,0,0.8438791036605835,1
2022-09-30,XGBoost,1,0.5049566030502319,1
2022-10-03,XGBoost,1,0.6443048119544983,1
2022-10-04,XGBoost,0,0.7330581545829773,1
2022-10-05,XGBoost,0,0.7888923287391663,1
2022-10-06,XGBoost,0,0.8057947754859924,1
2022-10-07,XGBoost,0,0.8257700204849243,1
2022-10-10,XGBoost,0,0.7487742304801941,1
2022-10-11,XGBoost,0,0.8269994854927063,1
2022-10-12,XGBoost,1,0.8421192169189453,1
2022-10-13,XGBoost,0,0.6904046535491943,1
2022-10-14,XGBoost,1,0.6694322228431702,1
2022-10-17,XGBoost,1,0.9161254167556763,1
2022-10-18,XGBoost,0,0.8223493695259094,1
2022-10-19,XGBoost,0,0.5580567717552185,1
2022-10-20,XGBoost,1,0.7256332635879517,1
2022-10-21,XGBoost,1,0.3261212110519409,0
2022-10-24,XGBoost,1,0.5828944444656372,1
2022-10-25,XGBoost,0,0.4874534606933594,0
2022-10-26,XGBoost,0,0.9226910471916199,1
2022-10-27,XGBoost,1,0.30498552322387695,0
2022-10-28,XGBoost,0,0.4956330955028534,0
2022-10-31,XGBoost,0,0.8638472557067871,1
2022-11-01,XGBoost,0,0.9161147475242615,1
2022-11-02,XGBoost,0,0.8490372896194458,1
2022-11-03,XGBoost,1,0.7332791686058044,1
2022-11-04,XGBoost,1,0.7296842932701111,1
2022-11-07,XGBoost,1,0.9208108186721802,1
2022-11-08,XGBoost,0,0.8662180304527283,1
2022-11-09,XGBoost,1,0.7566382884979248,1
2022-11-10,XGBoost,1,0.171555757522583,0
2022-11-11,XGBoost,0,0.43004149198532104,0
2022-11-14,XGBoost,1,0.5281444191932678,1
2022-11-15,XGBoost,0,0.728111743927002,1
2022-11-16,XGBoost,0,0.5434433221817017,1
2022-11-17,XGBoost,1,0.9381822943687439,1
2022-11-18,XGBoost,0,0.6503705382347107,1
2022-11-21,XGBoost,1,0.825253427028656,1
2022-11-22,XGBoost,1,0.8441782593727112,1
2022-11-23,XGBoost,0,0.6030845046043396,1
2022-11-25,XGBoost,0,0.7873498797416687,1
2022-11-28,XGBoost,0,0.8256933689117432,1
2022-11-29,XGBoost,1,0.5006043910980225,1
2022-11-30,XGBoost,0,0.6549699902534485,1
2022-12-01,XGBoost,0,0.7568315863609314,1
2022-12-02,XGBoost,0,0.7129507064819336,1
2022-12-05,XGBoost,0,0.6645351648330688,1
2022-12-06,XGBoost,0,0.7975770831108093,1
2022-12-07,XGBoost,1,0.8842299580574036,1
2022-12-08,XGBoost,0,0.6963747143745422,1
2022-12-09,XGBoost,1,0.7461212277412415,1
2022-12-12,XGBoost,1,0.6219566464424133,1
2022-12-13,XGBoost,0,0.49816781282424927,0
2022-12-14,XGBoost,0,0.9751936793327332,1
2022-12-15,XGBoost,0,0.8658358454704285,1
2022-12-16,XGBoost,0,0.9004256725311279,1
2022-12-19,XGBoost,1,0.9401466250419617,1
2022-12-20,XGBoost,1,0.799144446849823,1
2022-12-21,XGBoost,0,0.8721184134483337,1
2022-12-22,XGBoost,1,0.9564143419265747,1
2022-12-23,XGBoost,0,0.8920966982841492,1
2022-12-27,XGBoost,0,0.9509468078613281,1
2022-12-28,XGBoost,1,0.8766341805458069,1
2022-12-29,XGBoost,0,0.7019683122634888,1
2022-12-30,XGBoost,0,0.9192454814910889,1
2023-01-03,XGBoost,1,0.9457652568817139,1
2023-01-04,XGBoost,0,0.8813030123710632,1
2023-01-05,XGBoost,1,0.9248855113983154,1
2023-01-06,XGBoost,0,0.8620961904525757,1
2023-01-09,XGBoost,1,0.7991529703140259,1
2023-01-10,XGBoost,1,0.9529150128364563,1
2023-01-11,XGBoost,1,0.6764048337936401,1
2023-01-12,XGBoost,1,0.7337157130241394,1
2023-01-13,XGBoost,0,0.8950515985488892,1
2023-01-17,XGBoost,0,0.9298654198646545,1
2023-01-18,XGBoost,0,0.4282212555408478,0
2023-01-19,XGBoost,1,0.8953609466552734,1
2023-01-20,XGBoost,1,0.2807173728942871,0
2023-01-23,XGBoost,0,0.7466813325881958,1
2023-01-24,XGBoost,1,0.6031328439712524,1
2023-01-25,XGBoost,1,0.8556732535362244,1
2023-01-26,XGBoost,1,0.816231369972229,1
2023-01-27,XGBoost,0,0.45400384068489075,0
2023-01-30,XGBoost,1,0.887200653553009,1
2023-01-31,XGBoost,1,0.2256586104631424,0
2023-02-01,XGBoost,1,0.27966293692588806,0
2023-02-02,XGBoost,0,0.08886910229921341,0
2023-02-03,XGBoost,0,0.3061438202857971,0
2023-02-06,XGBoost,1,0.7266332507133484,1
2023-02-07,XGBoost,0,0.5604192614555359,1
2023-02-08,XGBoost,0,0.7811424732208252,1
2023-02-09,XGBoost,1,0.8311302661895752,1
2023-02-10,XGBoost,1,0.8402112126350403,1
2023-02-13,XGBoost,0,0.3693758547306061,0
2023-02-14,XGBoost,1,0.7430598139762878,1
2023-02-15,XGBoost,0,0.4978446066379547,0
2023-02-16,XGBoost,0,0.5250226259231567,1
2023-02-17,XGBoost,0,0.6388788819313049,1
2023-02-21,XGBoost,0,0.9298122525215149,1
2023-02-22,XGBoost,1,0.48218217492103577,0
2023-02-23,XGBoost,0,0.31626802682876587,0
2023-02-24,XGBoost,1,0.9169211387634277,1
2023-02-27,XGBoost,0,0.6675897836685181,1
2023-02-28,XGBoost,0,0.8474320769309998,1
2023-03-01,XGBoost,1,0.8355187177658081,1
2023-03-02,XGBoost,1,0.4821546673774719,0
2023-03-03,XGBoost,1,0.47661149501800537,0
2023-03-06,XGBoost,0,0.2777554988861084,0
2023-03-07,XGBoost,1,0.38272932171821594,0
2023-03-08,XGBoost,0,0.6871966123580933,1
2023-03-09,XGBoost,0,0.42432647943496704,0
2023-03-10,XGBoost,0,0.4684893488883972,0
2023-03-13,XGBoost,1,0.5139707326889038,1
2023-03-14,XGBoost,0,0.6635041832923889,1
2023-03-15,XGBoost,1,0.7830588221549988,1
2023-03-16,XGBoost,0,0.7393097877502441,1
2023-03-17,XGBoost,1,0.8766679763793945,1
2023-03-20,XGBoost,1,0.8113221526145935,1
2023-03-21,XGBoost,0,0.532454788684845,1
2023-03-22,XGBoost,1,0.5154511332511902,1
2023-03-23,XGBoost,1,0.7097286581993103,1
2023-03-24,XGBoost,1,0.6810285449028015,1
2023-03-27,XGBoost,0,0.5357378721237183,1
2023-03-28,XGBoost,1,0.7164888381958008,1
2023-03-29,XGBoost,1,0.8854523301124573,1
2023-03-30,XGBoost,1,0.49879851937294006,0
2023-03-31,XGBoost,1,0.10858049988746643,0
2023-04-03,XGBoost,0,0.7100681662559509,1
2023-04-04,XGBoost,0,0.22798015177249908,0
2023-04-05,XGBoost,1,0.8690893650054932,1
2023-04-06,XGBoost,1,0.4081508219242096,0
2023-04-10,XGBoost,1,0.7682009339332581,1
2023-04-11,XGBoost,0,0.5582411289215088,1
2023-04-12,XGBoost,1,0.6039988398551941,1
2023-04-13,XGBoost,0,0.8170775175094604,1
2023-04-14,XGBoost,1,0.5379710793495178,1
2023-04-17,XGBoost,1,0.9024348855018616,1
2023-04-18,XGBoost,0,0.5405256748199463,1
2023-04-19,XGBoost,0,0.2945711314678192,0
2023-04-20,XGBoost,1,0.7316705584526062,1
2023-04-21,XGBoost,1,0.8019130825996399,1
2023-04-24,XGBoost,0,0.5895190238952637,1
2023-04-25,XGBoost,0,0.5423034429550171,1
2023-04-26,XGBoost,1,0.8986719846725464,1
2023-04-27,XGBoost,1,0.8196553587913513,1
2023-04-28,XGBoost,0,0.6320337057113647,1
2023-05-01,XGBoost,0,0.5586820244789124,1
2023-05-02,XGBoost,0,0.5229801535606384,1
2023-05-03,XGBoost,0,0.38920846581459045,0
2023-05-04,XGBoost,1,0.6469664573669434,1
2023-05-05,XGBoost,1,0.7738742232322693,1
2023-05-08,XGBoost,0,0.7746114730834961,1
2023-05-09,XGBoost,1,0.799789547920227,1
2023-05-10,XGBoost,0,0.30043378472328186,0
2023-05-11,XGBoost,0,0.6119368076324463,1
2023-05-12,XGBoost,1,0.6130150556564331,1
2023-05-15,XGBoost,0,0.270416259765625,0
2023-05-16,XGBoost,1,0.2686023712158203,0
2023-05-17,XGBoost,1,0.39394980669021606,0
2023-05-18,XGBoost,0,0.44662994146347046,0
2023-05-19,XGBoost,1,0.45746833086013794,0
2023-05-22,XGBoost,0,0.836521565914154,1
2023-05-23,XGBoost,0,0.7756759524345398,1
2023-05-24,XGBoost,1,0.6114141941070557,1
2023-05-25,XGBoost,1,0.6999165415763855,1
2023-05-26,XGBoost,1,0.573307454586029,1
2023-05-30,XGBoost,0,0.375047892332077,0
2023-05-31,XGBoost,1,0.4885118901729584,0
2023-06-01,XGBoost,1,0.8818318247795105,1
2023-06-02,XGBoost,0,0.20457646250724792,0
2023-06-05,XGBoost,1,0.6533690094947815,1
2023-06-06,XGBoost,0,0.6813955903053284,1
2023-06-07,XGBoost,1,0.8373122811317444,1
2023-06-08,XGBoost,1,0.747768759727478,1
2023-06-09,XGBoost,1,0.9765173196792603,1
2023-06-12,XGBoost,1,0.7428815364837646,1
2023-06-13,XGBoost,1,0.3700582683086395,0
2023-06-14,XGBoost,1,0.7914911508560181,1
2023-06-15,XGBoost,0,0.5885273218154907,1
2023-06-16,XGBoost,0,0.48525696992874146,0
2023-06-20,XGBoost,0,0.7565013766288757,1
2023-06-21,XGBoost,1,0.9360275864601135,1
2023-06-22,XGBoost,0,0.7251273393630981,1
2023-06-23,XGBoost,0,0.952038586139679,1
2023-06-26,XGBoost,1,0.9584647417068481,1
2023-06-27,XGBoost,1,0.7686094641685486,1
2023-06-28,XGBoost,1,0.6614133715629578,1
2023-06-29,XGBoost,1,0.7778000235557556,1
2023-06-30,XGBoost,1,0.7016901969909668,1
2023-07-03,XGBoost,0,0.6053776741027832,1
2023-07-05,XGBoost,0,0.5697210431098938,1
2023-07-06,XGBoost,0,0.7097416520118713,1
2023-07-07,XGBoost,1,0.8541608452796936,1
2023-07-10,XGBoost,1,0.9610649943351746,1
2023-07-11,XGBoost,1,0.7012602090835571,1
2023-07-12,XGBoost,1,0.7908783555030823,1
2023-07-13,XGBoost,0,0.715602695941925,1
2023-07-14,XGBoost,1,0.7614781856536865,1
2023-07-17,XGBoost,1,0.5657839179039001,1
2023-07-18,XGBoost,1,0.8882462382316589,1
2023-07-19,XGBoost,0,0.8922995328903198,1
2023-07-20,XGBoost,0,0.6201422810554504,1
2023-07-21,XGBoost,1,0.6326760649681091,1
2023-07-24,XGBoost,1,0.6822465658187866,1
2023-07-25,XGBoost,1,0.871968150138855,1
2023-07-26,XGBoost,0,0.5921262502670288,1
2023-07-27,XGBoost,1,0.3343012034893036,0
2023-07-28,XGBoost,1,0.2756637930870056,0
2023-07-31,XGBoost,0,0.24778975546360016,0
2023-08-01,XGBoost,0,0.2716008126735687,0
2023-08-02,XGBoost,0,0.6960253715515137,1
2023-08-03,XGBoost,0,0.8260468244552612,1
2023-08-04,XGBoost,1,0.8656391501426697,1
2023-08-07,XGBoost,0,0.9424517750740051,1
2023-08-08,XGBoost,0,0.38574570417404175,0
2023-08-09,XGBoost,1,0.8467580080032349,1
2023-08-10,XGBoost,0,0.823761522769928,1
2023-08-11,XGBoost,1,0.5392154455184937,1
2023-08-14,XGBoost,0,0.7888556122779846,1
2023-08-15,XGBoost,0,0.9705848097801208,1
2023-08-16,XGBoost,0,0.8657693266868591,1
2023-08-17,XGBoost,1,0.843606173992157,1
2023-08-18,XGBoost,1,0.8167470693588257,1
2023-08-21,XGBoost,0,0.9661897420883179,1
2023-08-22,XGBoost,1,0.9827083945274353,1
2023-08-23,XGBoost,0,0.798456072807312,1
2023-08-24,XGBoost,1,0.6514585018157959,1
2023-08-25,XGBoost,1,0.4610140919685364,0
2023-08-28,XGBoost,1,0.7742855548858643,1
2023-08-29,XGBoost,1,0.6575645804405212,1
2023-08-30,XGBoost,0,0.3682563602924347,0
2023-08-31,XGBoost,1,0.5222780704498291,1
2023-09-01,XGBoost,0,0.5662292838096619,1
2023-09-05,XGBoost,0,0.17879275977611542,0
2023-09-06,XGBoost,0,0.6239069104194641,1
2023-09-07,XGBoost,1,0.7433643341064453,1
2023-09-08,XGBoost,1,0.8085405826568604,1
2023-09-11,XGBoost,0,0.5073068737983704,1
2023-09-12,XGBoost,1,0.675336480140686,1
2023-09-13,XGBoost,1,0.567624568939209,1
2023-09-14,XGBoost,0,0.5116178393363953,1
2023-09-15,XGBoost,1,0.2511085867881775,0
2023-09-18,XGBoost,0,0.6218248009681702,1
2023-09-19,XGBoost,0,0.42628151178359985,0
2023-09-20,XGBoost,0,0.5186247229576111,1
2023-09-21,XGBoost,0,0.6892310976982117,1
2023-09-22,XGBoost,1,0.5716028809547424,1
2023-09-25,XGBoost,0,0.8458366394042969,1
2023-09-26,XGBoost,1,0.9473620653152466,1
2023-09-27,XGBoost,1,0.8781741857528687,1
2023-09-28,XGBoost,0,0.652338981628418,1
2023-09-29,XGBoost,0,0.7233359813690186,1
2023-10-02,XGBoost,0,0.8586587905883789,1
2023-10-03,XGBoost,1,0.7774790525436401,1
2023-10-04,XGBoost,0,0.5971417427062988,1
2023-10-05,XGBoost,1,0.789347767829895,1
2023-10-06,XGBoost,1,0.6031835079193115,1
2023-10-09,XGBoost,1,0.5022072196006775,1
2023-10-10,XGBoost,1,0.6629652380943298,1
2023-10-11,XGBoost,0,0.7855024337768555,1
2023-10-12,XGBoost,0,0.6734607815742493,1
2023-10-13,XGBoost,1,0.5162661671638489,1
2023-10-16,XGBoost,0,0.5191096067428589,1
2023-10-17,XGBoost,0,0.7167815566062927,1
2023-10-18,XGBoost,0,0.7894237637519836,1
2023-10-19,XGBoost,0,0.32480549812316895,0
2023-10-20,XGBoost,0,0.6659145355224609,1
2023-10-23,XGBoost,1,0.712883472442627,1
2023-10-24,XGBoost,0,0.4409955143928528,0
2023-10-25,XGBoost,0,0.8845136165618896,1
2023-10-26,XGBoost,0,0.8830251097679138,1
2023-10-27,XGBoost,1,0.6202650666236877,1
2023-10-30,XGBoost,1,0.669642984867096,1
2023-10-31,XGBoost,1,0.5932333469390869,1
2023-11-01,XGBoost,1,0.6220138669013977,1
2023-11-02,XGBoost,1,0.26571112871170044,0
2023-11-03,XGBoost,1,0.2837681174278259,0
2023-11-06,XGBoost,1,0.338279128074646,0
2023-11-07,XGBoost,1,0.646291971206665,1
2023-11-08,XGBoost,0,0.5044412612915039,1
2023-11-09,XGBoost,1,0.38990166783332825,0
2023-11-10,XGBoost,0,0.2557813227176666,0
2023-11-13,XGBoost,1,0.5605403780937195,1
2023-11-14,XGBoost,1,0.4120807349681854,0
2023-11-15,XGBoost,1,0.6562237739562988,1
2023-11-16,XGBoost,1,0.5651753544807434,1
2023-11-17,XGBoost,1,0.7631763219833374,1
2023-11-20,XGBoost,0,0.7127309441566467,1
2023-11-21,XGBoost,1,0.20412889122962952,0
2023-11-22,XGBoost,1,0.5660977959632874,1
2023-11-24,XGBoost,0,0.7351464033126831,1
2023-11-27,XGBoost,1,0.7970952391624451,1
2023-11-28,XGBoost,0,0.8584009408950806,1
2023-11-29,XGBoost,1,0.7298057675361633,1
2023-11-30,XGBoost,1,0.6883898973464966,1
2023-12-01,XGBoost,0,0.620957612991333,1
2023-12-04,XGBoost,0,0.6151958703994751,1
2023-12-05,XGBoost,0,0.633758544921875,1
2023-12-06,XGBoost,1,0.18718476593494415,0
2023-12-07,XGBoost,1,0.5302196741104126,1
2023-12-08,XGBoost,1,0.5263723731040955,1
2023-12-11,XGBoost,1,0.3057807385921478,0
2023-12-12,XGBoost,1,0.5549131631851196,1
2023-12-13,XGBoost,1,0.34538137912750244,0
2023-12-14,XGBoost,0,0.17574858665466309,0
2023-12-15,XGBoost,1,0.298326700925827,0
2023-12-18,XGBoost,1,0.4731322228908539,0
2023-12-19,XGBoost,0,0.5213316082954407,1
2023-12-20,XGBoost,1,0.6025329232215881,1
2023-12-21,XGBoost,1,0.09406615793704987,0
2023-12-22,XGBoost,1,0.33312666416168213,0
2023-12-26,XGBoost,1,0.41857123374938965,0
2023-12-27,XGBoost,1,0.6390101313591003,1
2023-12-28,XGBoost,0,0.5674099326133728,1
2023-12-29,XGBoost,0,0.47012871503829956,0
