Date,XGBoost Standalone,Equal-Weight Voting: Four Models,Equal-Weight Voting: Three Models,Development-Skill-Weighted Voting,Logistic Blending: Four Models,Logistic Blending: Three Models
2022-05-06,0.8534345626831055,0.6478977723773773,0.6773709767426154,0.6769599810843452,0.49808984208860946,0.49808984208860957
2022-05-09,0.8331213593482971,0.6535869904196617,0.6849566007989946,0.6778006987041587,0.49018293194935875,0.49018293194935875
2022-05-10,0.49302804470062256,0.5302074748315553,0.5204505800148526,0.5291029143016974,0.3874303635265223,0.3874303635265223
2022-05-11,0.6477633714675903,0.5904813429732385,0.6008157375370969,0.5979401187722894,0.42980537207054464,0.42980537207054464
2022-05-12,0.7178433537483215,0.6159942222690299,0.6348329099314854,0.6311037601126002,0.4552272619666841,0.4552272619666841
2022-05-13,0.5590982437133789,0.56393512333534,0.565420778019899,0.5641983260198665,0.40397336396023087,0.4039733639602309
2022-05-16,0.7682159543037415,0.6273169225237113,0.649929843604394,0.6491921326926303,0.4736420701865796,0.4736420701865796
2022-05-17,0.7559926509857178,0.6101423430499302,0.6270304043060192,0.6321285883623635,0.46769098316442304,0.46769098316442304
2022-05-18,0.8836081027984619,0.6692402626494413,0.7058276304387006,0.6963106638616298,0.5033570801000483,0.5033570801000483
2022-05-19,0.534932553768158,0.5520774314850757,0.5496105222195465,0.5542063959650501,0.40192309935032233,0.40192309935032233
2022-05-20,0.36459723114967346,0.5086245654209068,0.4916733674673213,0.4933327457528189,0.35048626106145003,0.35048626106145003
2022-05-23,0.8312484622001648,0.6396892578475607,0.6664262907028599,0.6662323004978534,0.48972657057443,0.48972657057443
2022-05-24,0.8048326969146729,0.6375924114974125,0.6636304955693288,0.6599520547736766,0.4801337392519002,0.48013373925190034
2022-05-25,0.8556553721427917,0.6452460920414071,0.6738354029613217,0.673974085011565,0.49684582359319157,0.49684582359319157
2022-05-26,0.33965495228767395,0.49254541771392757,0.47023450385801563,0.4745891159509249,0.3403179871946571,0.3403179871946571
2022-05-27,0.7695618867874146,0.5989041943721642,0.6120462060689978,0.6236436726075139,0.4698257385413623,0.4698257385413623
2022-05-31,0.853147029876709,0.6604742339543559,0.6941395921785868,0.6893849099115479,0.5017151006334343,0.5017151006334343
2022-06-01,0.7846525311470032,0.6331134721894506,0.6576585764920464,0.6565622437076686,0.4792373299022885,0.4792373299022885
2022-06-02,0.4855496287345886,0.5323671600751734,0.5233301603396768,0.5293823504621616,0.3845350433609624,0.3845350433609624
2022-06-03,0.643012285232544,0.5942061556856254,0.6057821544869461,0.6026774045339232,0.43232222121050745,0.43232222121050745
2022-06-06,0.8271691203117371,0.6446772277539747,0.6730769172447454,0.672924143423479,0.4939115902512945,0.4939115902512945
2022-06-07,0.8517849445343018,0.6359752250095136,0.6614742469187971,0.6610475824082614,0.487453816316827,0.487453816316827
2022-06-08,0.8572743535041809,0.6520577593816039,0.6829176260815841,0.6784806085512605,0.49512693287239046,0.49512693287239046
2022-06-09,0.5967200994491577,0.5769073743213042,0.5827171126678513,0.5798213852044255,0.41472460635627867,0.41472460635627867
2022-06-10,0.8129408359527588,0.6380925196090397,0.6642973063848318,0.6608525455916441,0.481522625486422,0.481522625486422
2022-06-13,0.7500860691070557,0.6128196953157069,0.6306002073270548,0.6315776799236434,0.46262299251432504,0.46262299251432504
2022-06-14,0.6813721656799316,0.5772895098125894,0.5832266266562315,0.5951140658418046,0.44547718328182495,0.44547718328182495
2022-06-15,0.8038612604141235,0.6337660339338709,0.6585286588179401,0.6555802787498328,0.4779507717102904,0.47795077171029043
2022-06-16,0.9412840604782104,0.6761803913430582,0.7150811353635231,0.7096620812509833,0.5203857879904294,0.5203857879904294
2022-06-17,0.8353392481803894,0.6328907540817653,0.6573616190151327,0.6616926332732631,0.491757573776015,0.491757573776015
2022-06-21,0.5238054394721985,0.5437592680390239,0.5385196376248107,0.5449700203296352,0.3972124209576594,0.3972124209576594
2022-06-22,0.7485688328742981,0.6331986597122599,0.6577721598557921,0.6476764577420874,0.46153013972443585,0.46153013972443585
2022-06-23,0.8763458728790283,0.665076060191057,0.7002753604941883,0.6909598250763285,0.4995411661418607,0.4995411661418607
2022-06-24,0.5283434391021729,0.5388295751067833,0.5319467137151567,0.5407856455647537,0.39726316584996957,0.39726316584996957
2022-06-27,0.7183494567871094,0.5965168293757499,0.6088630527404454,0.6168634025248416,0.45815241428063347,0.45815241428063347
2022-06-28,0.6966884136199951,0.6048362316069914,0.6199555890487674,0.6191830316612342,0.44907868630367487,0.44907868630367487
2022-06-29,0.7267479300498962,0.6045518596306173,0.619576426413602,0.6234429443652789,0.4587232237715936,0.4587232237715936
2022-06-30,0.8813986778259277,0.6645538960895419,0.6995791416921682,0.6934162547356197,0.5048177007203586,0.5048177007203586
2022-07-01,0.8736319541931152,0.6638326869487268,0.6986175295044146,0.6931449935040495,0.504836007716763,0.504836007716763
2022-07-05,0.7686723470687866,0.624928574519813,0.6467453795991963,0.6452253265567867,0.47024210865898297,0.47024210865898297
2022-07-06,0.8822468519210815,0.6624874865654665,0.696823928993401,0.6938768737404624,0.508556224619881,0.508556224619881
2022-07-07,0.511462390422821,0.5320915675776674,0.5229627036763355,0.535286743810355,0.3961923826502298,0.3961923826502298
2022-07-08,0.8098092079162598,0.6322129479381174,0.6564578774902688,0.6578760953113969,0.4844478061251381,0.4844478061251381
2022-07-11,0.4616774320602417,0.5373789683188203,0.5300125713312059,0.5314441353967998,0.37970684093331236,0.37970684093331236
2022-07-12,0.49010854959487915,0.5365634245947595,0.5289251796991249,0.5332826615621606,0.38558258310856053,0.38558258310856053
2022-07-13,0.39626917243003845,0.5109533720491956,0.4947784429717063,0.49978837898393463,0.3595849358657691,0.3595849358657691
2022-07-14,0.7327069640159607,0.614358935424228,0.6326525274717497,0.6315148607732118,0.4592007133669907,0.4592007133669907
2022-07-15,0.6471377611160278,0.5911394873677329,0.6016932633964228,0.6006381723853245,0.43338855550386224,0.43338855550386224
2022-07-18,0.6332083940505981,0.5807016310717553,0.5877761216684526,0.5881981497597065,0.4259278834872281,0.42592788348722815
2022-07-19,0.898371160030365,0.6528200211860549,0.6839339751541854,0.6891613662011054,0.5151181287532066,0.5151181287532066
2022-07-20,0.7639437913894653,0.6293020501675626,0.6525766804628622,0.6477145818156731,0.4680634931713747,0.4680634931713747
2022-07-21,0.9474874138832092,0.6697350700259549,0.7064873736073854,0.7135091882093224,0.5363609275526843,0.5363609275526842
2022-07-22,0.8681398630142212,0.6729691203616948,0.7107994407217052,0.699117511455474,0.5018866689215435,0.5018866689215435
2022-07-25,0.4489913582801819,0.5344014260615362,0.5260425149881603,0.5296191424329797,0.37988181324386666,0.37988181324386666
2022-07-26,0.8089621067047119,0.6395995686506581,0.6663067051069897,0.6656406528452924,0.4873274959962044,0.4873274959962044
2022-07-27,0.7357205748558044,0.6007711835111588,0.6145355249209906,0.6230404391526381,0.46390694268588534,0.46390694268588534
2022-07-28,0.8057447075843811,0.6122731202250976,0.6298714405395757,0.6413898151007664,0.4838905689429362,0.4838905689429362
2022-07-29,0.392269492149353,0.4888912107820796,0.465362227948885,0.4794474977609571,0.35574768248596317,0.35574768248596317
2022-08-01,0.3541535437107086,0.5102715034663161,0.49386928486120046,0.4954170641937371,0.35098734444337704,0.35098734444337704
2022-08-02,0.891970157623291,0.6577130297752722,0.6904579866064751,0.6884710354045622,0.5066548869155506,0.5066548869155506
2022-08-03,0.4271482825279236,0.5165097657092022,0.5021869678517151,0.5111919040329012,0.37241611404507824,0.37241611404507824
2022-08-04,0.9386855959892273,0.6526898508312782,0.6837604146811498,0.6853795169859849,0.511571561821578,0.511571561821578
2022-08-05,0.892058253288269,0.6658542808377039,0.7013129880230508,0.7005502166435489,0.5159198537458571,0.5159198537458571
2022-08-08,0.49620679020881653,0.5380987448443277,0.5309722733652159,0.5330465201149591,0.38355695184689137,0.38355695184689137
2022-08-09,0.4080769717693329,0.5075826332293628,0.4902841245452627,0.49207946917858303,0.3525545630264183,0.35255456302641835
2022-08-10,0.6436727643013,0.5666462982488342,0.5690356779045578,0.5772312072782331,0.4275239240920115,0.4275239240920115
2022-08-11,0.5507956743240356,0.5330668586170049,0.5242630917287854,0.5302713851829585,0.3892534285748399,0.38925342857483997
2022-08-12,0.7663089632987976,0.5965825621493196,0.6089506964385384,0.623079624959752,0.47188382695913783,0.47188382695913783
2022-08-15,0.22893385589122772,0.46264039153469316,0.43036113561903644,0.4448579758520128,0.3256550260363173,0.3256550260363173
2022-08-16,0.3308720290660858,0.48508593943800826,0.46028853282345655,0.46567406006724316,0.33548357783241095,0.33548357783241095
2022-08-17,0.8433681130409241,0.6341105546977668,0.6589880198364678,0.6606974779477615,0.48889347521459053,0.48889347521459053
2022-08-18,0.3711443543434143,0.48652197614042375,0.4622032484266772,0.47239011546023213,0.3464612504304552,0.3464612504304553
2022-08-19,0.8999989032745361,0.6670228029568223,0.7028710175152085,0.703791568324335,0.5203621200520162,0.5203621200520162
2022-08-22,0.8595049977302551,0.6588046145352434,0.6919134329531035,0.6909424216622222,0.5071489387669401,0.5071489387669401
2022-08-23,0.5601539015769958,0.5545552114499742,0.5529142288394112,0.56302139122824,0.41479827427165483,0.41479827427165483
2022-08-24,0.8220729231834412,0.6302023269600352,0.6537770495194924,0.6578499427383835,0.4880488124935178,0.4880488124935178
2022-08-25,0.7429373860359192,0.6066638074096922,0.6223923567857018,0.6215692511033324,0.4536990058380104,0.4536990058380104
2022-08-26,0.5872797966003418,0.567507582359722,0.5701840567190747,0.5711299220345372,0.41244733689401053,0.41244733689401053
2022-08-29,0.7324327826499939,0.6254069951117553,0.6473832737217861,0.637136423935748,0.4533733592658272,0.4533733592658273
2022-08-30,0.9237896800041199,0.6875717958436411,0.7302696746976337,0.7208226329995494,0.5223351664698406,0.5223351664698406
2022-08-31,0.8427371382713318,0.645051953594629,0.6735765516989508,0.6720017721176377,0.49286656274322915,0.49286656274322915
2022-09-01,0.6708669066429138,0.6242816553374017,0.6458828206893145,0.6341023441952828,0.44565651310887194,0.44565651310887205
2022-09-02,0.5973204374313354,0.5881286353402867,0.5976787940264945,0.5916721615843779,0.41919872589601087,0.41919872589601087
2022-09-06,0.9418728947639465,0.6715190483618412,0.708866011388567,0.7142400762226649,0.5631813142361958,0.5631813142361957
2022-09-07,0.8524564504623413,0.6550929105275154,0.6869644942761326,0.6900891189575946,0.5358401243386545,0.5358401243386545
2022-09-08,0.75178462266922,0.6492692215678878,0.6791995756632959,0.6766691411888417,0.5189140828841204,0.5189140828841203
2022-09-09,0.6665645241737366,0.5863495592619586,0.5953066925887238,0.6047019924472901,0.44710804559897394,0.44710804559897394
2022-09-12,0.434906005859375,0.5119966699143016,0.49616950679184774,0.5076586041493858,0.34540280975213355,0.34540280975213355
2022-09-13,0.8809769749641418,0.6600705742122409,0.6936013791891001,0.686748716098865,0.5134403387355138,0.5134403387355139
2022-09-14,0.7447794675827026,0.6162384451179627,0.6351585403967291,0.6303698612989672,0.45301209174241736,0.4530120917424174
2022-09-15,0.9062901735305786,0.6790930370707675,0.7189646630004689,0.7105472130133637,0.5410426059213577,0.5410426059213577
2022-09-16,0.940747082233429,0.6917047407368857,0.7357802678886266,0.7266565364470854,0.558437355124637,0.5584373551246369
2022-09-19,0.8155934810638428,0.6319230104445857,0.6560712941655599,0.661877229557522,0.5049991068999979,0.5049991068999979
2022-09-20,0.7054126858711243,0.6169562139866549,0.6361155655549854,0.6351842953770893,0.46920697627802227,0.46920697627802216
2022-09-21,0.7444488406181335,0.606660774942937,0.6223883134966949,0.629804484192976,0.4706104235510026,0.4706104235510026
2022-09-22,0.8526527881622314,0.6607510822058906,0.6945087231806332,0.6908144770311061,0.5265446939462213,0.5265446939462213
2022-09-23,0.9306910634040833,0.6803350955506526,0.720620740973649,0.715267477225961,0.549652783268232,0.549652783268232
2022-09-26,0.6680591106414795,0.5801963797013989,0.5871024531746439,0.5955379152384892,0.43317913020017157,0.43317913020017157
2022-09-27,0.8227657079696655,0.6180783348465548,0.6376117267015187,0.6481307181377818,0.4926129110472632,0.4926129110472632
2022-09-28,0.5185683369636536,0.5519700633948255,0.5494673647658795,0.5566003353298288,0.3939213339197855,0.3939213339197855
2022-09-29,0.8438791036605835,0.6507378918705325,0.6811578027334889,0.6825574722104782,0.5238205924337328,0.5238205924337328
2022-09-30,0.5049566030502319,0.5360659718976872,0.5282619094363618,0.5366005131040508,0.37107066907160535,0.3710706690716054
2022-10-03,0.6443048119544983,0.5829802889315943,0.5908143321482379,0.5935799378605784,0.4244548162624021,0.4244548162624021
2022-10-04,0.7330581545829773,0.6002562319496743,0.6138489228390113,0.621079588705263,0.4595735264831551,0.4595735264831552
2022-10-05,0.7888923287391663,0.6352022207816101,0.6604435746149256,0.6586744994323678,0.49180376070610277,0.49180376070610277
2022-10-06,0.8057947754859924,0.6504001413427338,0.6807074686964238,0.6719367160060576,0.49769587908134827,0.49769587908134827
2022-10-07,0.8257700204849243,0.6675003138844674,0.7035076987520688,0.6880050018167162,0.5075309947792122,0.5075309947792122
2022-10-10,0.7487742304801941,0.6245837511561209,0.6462856151142733,0.6440655513883955,0.4751144697702852,0.4751144697702852
2022-10-11,0.8269994854927063,0.6307205075762445,0.6544679570077717,0.6572128519825167,0.49286965658795123,0.49286965658795123
2022-10-12,0.8421192169189453,0.6499295797850868,0.680080053286228,0.6746548302852553,0.5028889825703142,0.5028889825703142
2022-10-13,0.6904046535491943,0.5885999752627828,0.5983072472564892,0.6052669216773008,0.4419148745023082,0.4419148745023083
2022-10-14,0.6694322228431702,0.6152447296585454,0.6338335864508394,0.623208785106935,0.44194843903983577,0.44194843903983577
2022-10-17,0.9161254167556763,0.6639201671183423,0.6987341697305686,0.6989280120177714,0.5372176156525794,0.5372176156525794
2022-10-18,0.8223493695259094,0.6437194516579382,0.6717998824500299,0.6677622290577117,0.4975070114529059,0.4975070114529059
2022-10-19,0.5580567717552185,0.574361206444722,0.5793222221657416,0.5773319363245331,0.4041625418069505,0.4041625418069505
2022-10-20,0.7256332635879517,0.6138708022940778,0.6320016832982159,0.6320191573857039,0.46433996684443163,0.46433996684443163
2022-10-21,0.3261212110519409,0.4880420253196003,0.46422998066557924,0.47049630551753807,0.3033682281047499,0.30336822810474995
2022-10-24,0.5828944444656372,0.5598069143636407,0.5599164993909664,0.5675105797156555,0.40281685872547773,0.40281685872547784
2022-10-25,0.4874534606933594,0.529143529354424,0.5190319860453442,0.5245315208998865,0.3534476830667583,0.35344768306675833
2022-10-26,0.9226910471916199,0.6735540777336076,0.7115793838842558,0.7027529721186939,0.528209593159691,0.528209593159691
2022-10-27,0.30498552322387695,0.4992687893248435,0.47919899933923693,0.47795661806227996,0.3041636175139979,0.3041636175139979
2022-10-28,0.4956330955028534,0.5262943264718283,0.5152330488685498,0.528771660276541,0.36926997013247276,0.36926997013247276
2022-10-31,0.8638472557067871,0.6508612474925022,0.6813222768961151,0.6790269013011725,0.5114552570447025,0.5114552570447025
2022-11-01,0.9161147475242615,0.6769397854092467,0.7160936607851079,0.7129472849659912,0.5512348468003009,0.5512348468003009
2022-11-02,0.8490372896194458,0.6472712520594311,0.6765356163186871,0.6728218696349588,0.5022863884466391,0.5022863884466392
2022-11-03,0.7332791686058044,0.6129183498421531,0.6307317466956497,0.6307294904534615,0.46180639536423906,0.4618063953642392
2022-11-04,0.7296842932701111,0.6182307695098411,0.6378149729192338,0.6364470434573487,0.4678870614849871,0.4678870614849871
2022-11-07,0.9208108186721802,0.6655689319191815,0.7009325227983544,0.70250566676143,0.5436909490214235,0.5436909490214235
2022-11-08,0.8662180304527283,0.6551767350344011,0.6870762602853137,0.6888552759866771,0.5307850761603473,0.5307850761603473
2022-11-09,0.7566382884979248,0.6156641788750253,0.6343928520728127,0.6296285738978342,0.45088593796951876,0.4508859379695188
2022-11-10,0.171555757522583,0.43896565949439026,0.3987948262319659,0.410088722843985,0.25531237146165975,0.2553123714616598
2022-11-11,0.43004149198532104,0.5106187935623301,0.49433233832255224,0.5026551674649775,0.3353902658055042,0.3353902658055042
2022-11-14,0.5281444191932678,0.5672359112357707,0.5698218285538064,0.5628543049261755,0.380918046886597,0.380918046886597
2022-11-15,0.728111743927002,0.6056692451294581,0.6210662737453897,0.6255796555976354,0.46209427783740165,0.46209427783740165
2022-11-16,0.5434433221817017,0.5640617023541841,0.5655895500450243,0.5634231810172354,0.3870924293575384,0.3870924293575384
2022-11-17,0.9381822943687439,0.6853880678891553,0.727358037424986,0.7195900932674586,0.5511622095003598,0.5511622095003598
2022-11-18,0.6503705382347107,0.5957017004498553,0.607776214172586,0.6076917611488478,0.4385808114659978,0.4385808114659978
2022-11-21,0.825253427028656,0.6320399886559482,0.6562272651140432,0.6574852745152282,0.4911678084475059,0.4911678084475059
2022-11-22,0.8441782593727112,0.653870485798524,0.6853345946374776,0.6821229852917946,0.5162404935113044,0.5162404935113044
2022-11-23,0.6030845046043396,0.5663314884268746,0.5686159314752783,0.568235191004053,0.3903253832180049,0.39032538321800503
2022-11-25,0.7873498797416687,0.6085091826620017,0.6248528571221145,0.6305818800210912,0.4649191550239135,0.4649191550239135
2022-11-28,0.8256933689117432,0.660840410900766,0.6946278281071335,0.686135163673409,0.5155702276278282,0.5155702276278282
2022-11-29,0.5006043910980225,0.5422580857145953,0.5365180611922392,0.5360261542457307,0.3583731467219345,0.3583731467219346
2022-11-30,0.6549699902534485,0.5788140068005682,0.5852592893068698,0.5915777442023823,0.42599877586088514,0.42599877586088514
2022-12-01,0.7568315863609314,0.5934856033696603,0.6048214180656591,0.6189506899106556,0.46471390957494413,0.46471390957494413
2022-12-02,0.7129507064819336,0.5962914153836002,0.6085625007509124,0.6146633139798445,0.45113990270770754,0.45113990270770754
2022-12-05,0.6645351648330688,0.6074264855922306,0.6234092610290863,0.6166100849190075,0.43922583804307247,0.43922583804307247
2022-12-06,0.7975770831108093,0.6403158286627565,0.6672617184564542,0.6629283855559107,0.4928907338413201,0.4928907338413201
2022-12-07,0.8842299580574036,0.6602939502448315,0.6938992138992209,0.6940914768909002,0.5337612938455655,0.5337612938455654
2022-12-08,0.6963747143745422,0.6052814868848041,0.6205492627525176,0.6166810666276885,0.4405938093849331,0.4405938093849331
2022-12-09,0.7461212277412415,0.6127562270023477,0.6305155829092425,0.6325120284851149,0.4659772851984397,0.4659772851984397
2022-12-12,0.6219566464424133,0.5747721684902659,0.5798701715598001,0.5824131848730341,0.4114095155352311,0.4114095155352312
2022-12-13,0.49816781282424927,0.5423429691917534,0.5366312391617832,0.5365476652105925,0.3598189907459117,0.3598189907459118
2022-12-14,0.9751936793327332,0.6872912131594657,0.7298955644520665,0.7302929514752945,0.5741223458596633,0.5741223458596633
2022-12-15,0.8658358454704285,0.6780211653690891,0.7175355007315644,0.7044080131661579,0.5295731239124057,0.5295731239124057
2022-12-16,0.9004256725311279,0.7012537400013494,0.7485122669079115,0.7326739658597206,0.5604661522175782,0.5604661522175782
2022-12-19,0.9401466250419617,0.6910253253346318,0.7348743806856213,0.7322740777146836,0.5757198434872077,0.5757198434872077
2022-12-20,0.799144446849823,0.6491013975603562,0.6789758103199205,0.6780896477220477,0.5186739837511899,0.5186739837511898
2022-12-21,0.8721184134483337,0.6790271266884809,0.7188767824907534,0.7127173499140471,0.5507091892885724,0.5507091892885723
2022-12-22,0.9564143419265747,0.7082258192992387,0.7578083726384305,0.74621749529315,0.5795077810788458,0.5795077810788458
2022-12-23,0.8920966982841492,0.6751413302889898,0.7136957206247653,0.7099680203672438,0.5486745950964992,0.5486745950964991
2022-12-27,0.9509468078613281,0.6838493173476778,0.7253063700363495,0.7295691427275939,0.5811889752844221,0.581188975284422
2022-12-28,0.8766341805458069,0.6570334428792008,0.6895518707450469,0.6912831068588884,0.5329978812338161,0.5329978812338161
2022-12-29,0.7019683122634888,0.628865025310199,0.6519939806530443,0.6432740672432871,0.4688426841727812,0.4688426841727812
2022-12-30,0.9192454814910889,0.6997956225261199,0.7465681102742722,0.7388185790983615,0.5788727755037472,0.578872775503747
2023-01-03,0.9457652568817139,0.6973958897383541,0.743368466557251,0.7393474802204223,0.5825192596079714,0.5825192596079714
2023-01-04,0.8813030123710632,0.6666399654985701,0.7023605675708723,0.6981172566974818,0.46804374815495825,0.46804374815495825
2023-01-05,0.9248855113983154,0.68293376588235,0.7240856347492456,0.7205899918425104,0.4834623521498607,0.4834623521498607
2023-01-06,0.8620961904525757,0.6274414516255071,0.6500958824067884,0.653024413077486,0.46794867564900383,0.46794867564900383
2023-01-09,0.7991529703140259,0.6254037255526022,0.6473789143095817,0.6501876188624632,0.4570516558175223,0.4570516558175223
2023-01-10,0.9529150128364563,0.6730574679573993,0.7109172375159779,0.7101899179204423,0.4910984530550946,0.4910984530550946
2023-01-11,0.6764048337936401,0.5765410078288342,0.5822286240112245,0.5880201121895884,0.4262072407181586,0.4262072407181586
2023-01-12,0.7337157130241394,0.6127489435205243,0.6305058716001447,0.6337620196632057,0.4429909637486682,0.4429909637486682
2023-01-13,0.8950515985488892,0.6556336181756006,0.6876854378069132,0.6822743613377767,0.4626032660689736,0.4626032660689735
2023-01-17,0.9298654198646545,0.6677330129030965,0.7038179641102409,0.6942265984307584,0.46193064600837436,0.46193064600837436
2023-01-18,0.4282212555408478,0.5049374390822534,0.48675719901578346,0.4915172246456691,0.35882428470586797,0.35882428470586797
2023-01-19,0.8953609466552734,0.6635443895322634,0.69823313294913,0.6905861339284132,0.4599951748020688,0.4599951748020688
2023-01-20,0.2807173728942871,0.4600585612371034,0.4269186952222502,0.43632921880897124,0.3325170989159459,0.33251709891594583
2023-01-23,0.7466813325881958,0.5959050898857771,0.6080474000871482,0.6065578673422503,0.425837100466784,0.425837100466784
2023-01-24,0.6031328439712524,0.586351326435445,0.5953090488200388,0.5898569387496544,0.3903241858800226,0.3903241858800226
2023-01-25,0.8556732535362244,0.6485396768189214,0.6782268493313408,0.6707088365038856,0.44809741545468973,0.44809741545468973
2023-01-26,0.816231369972229,0.6272256516167267,0.6498081490617479,0.6499393625091754,0.453401740679894,0.453401740679894
2023-01-27,0.45400384068489075,0.5399330049291496,0.5334179534783118,0.5294315876476392,0.35444350051761414,0.3544435005176141
2023-01-30,0.887200653553009,0.6658854534691105,0.7013545515315928,0.6961039816417797,0.4659954034678448,0.4659954034678448
2023-01-31,0.2256586104631424,0.45215749041202125,0.41638393412214064,0.422378444908988,0.31426081863420186,0.3142608186342018
2023-02-01,0.27966293692588806,0.47633255702061994,0.4486173562669388,0.44843935178695066,0.31598359250380376,0.3159835925038037
2023-02-02,0.08886910229921341,0.40465273682684005,0.35304426267523237,0.36346920065051547,0.2897516418896288,0.2897516418896288
2023-02-03,0.3061438202857971,0.49241919465294803,0.47006620644337627,0.4710591385964299,0.32805796476709986,0.3280579647670998
2023-02-06,0.7266332507133484,0.6165963725288214,0.6356357769445408,0.635141184093225,0.43368198046069095,0.43368198046069095
2023-02-07,0.5604192614555359,0.5433019222881277,0.5379098432902826,0.5400558485450437,0.3863246473314899,0.3863246473314899
2023-02-08,0.7811424732208252,0.6205321622444901,0.6408834965654324,0.6346253438910031,0.4286296247830734,0.4286296247830734
2023-02-09,0.8311302661895752,0.6317257748012604,0.6558083133077927,0.6504067844729469,0.4430364441315896,0.4430364441315896
2023-02-10,0.8402112126350403,0.6451725204505241,0.6737373075068112,0.6712156693477078,0.4574484421597498,0.4574484421597498
2023-02-13,0.3693758547306061,0.49855025638799344,0.4782409554234368,0.4881654045515814,0.36055843499081885,0.36055843499081885
2023-02-14,0.7430598139762878,0.6104527919950431,0.6274443362328364,0.6223966640414339,0.4219178327001611,0.4219178327001611
2023-02-15,0.4978446066379547,0.5286584014377604,0.5183851488231261,0.5212407719126116,0.37324810224528615,0.3732481022452861
2023-02-16,0.5250226259231567,0.547421562011945,0.5434026962553722,0.5403407005780919,0.3697644851909127,0.36976448519091265
2023-02-17,0.6388788819313049,0.5943473533807505,0.6059704180804463,0.6071946332769085,0.41584485247274905,0.41584485247274905
2023-02-21,0.9298122525215149,0.6598632975793741,0.6933250103452777,0.6935012522059718,0.48447999944574016,0.48447999944574016
2023-02-22,0.48218217492103577,0.5453982768774385,0.5407049827426968,0.5415130008192284,0.3723224723289674,0.3723224723289674
2023-02-23,0.31626802682876587,0.4954738234869327,0.47413904488868913,0.48058364493833455,0.3434556492071708,0.34345564920717075
2023-02-24,0.9169211387634277,0.6822134760282232,0.7231252482770766,0.7170154985991316,0.4750208045730788,0.4750208045730788
2023-02-27,0.6675897836685181,0.5958241241106979,0.6079394457203761,0.6084828064216399,0.4190319908964335,0.4190319908964335
2023-02-28,0.8474320769309998,0.6294824275277425,0.6528171836097689,0.6589402683358119,0.474935452065711,0.474935452065711
2023-03-01,0.8355187177658081,0.669775669507607,0.7065415062495882,0.6991039440032982,0.45383084418865915,0.45383084418865904
2023-03-02,0.4821546673774719,0.5594310049286333,0.5594152868109566,0.5536679116380016,0.361546507365606,0.361546507365606
2023-03-03,0.47661149501800537,0.5334359752600881,0.5247552472528964,0.5328261245110062,0.38497784913295885,0.38497784913295885
2023-03-06,0.2777554988861084,0.46862581713064483,0.43834170308030534,0.44282911417596404,0.32371914800126633,0.32371914800126633
2023-03-07,0.38272932171821594,0.4983677786523905,0.47799765177596615,0.48212247301892924,0.3483431575470626,0.3483431575470626
2023-03-08,0.6871966123580933,0.609169675783504,0.6257335146174509,0.6276105868708427,0.43082189788131686,0.43082189788131686
2023-03-09,0.42432647943496704,0.5347736430325262,0.5265388042828137,0.5225585483297689,0.348313101006795,0.3483131010067949
2023-03-10,0.4684893488883972,0.5212334655166029,0.5084852342615828,0.523052032863706,0.395372577467611,0.395372577467611
2023-03-13,0.5139707326889038,0.559548874851482,0.5595724467080881,0.5610897277014285,0.3842101897209357,0.3842101897209357
2023-03-14,0.6635041832923889,0.6021215815546224,0.6163360556456087,0.6159514939750044,0.4185372512611666,0.41853725126116653
2023-03-15,0.7830588221549988,0.6386934891899799,0.6650985991594188,0.6656300384508276,0.45399510131830345,0.45399510131830345
2023-03-16,0.7393097877502441,0.6089953261772345,0.6255010484757583,0.6261222586209136,0.4354597974210403,0.4354597974210403
2023-03-17,0.8766679763793945,0.6746448677143172,0.7130337705252018,0.7034776158135294,0.4566089955555803,0.4566089955555803
2023-03-20,0.8113221526145935,0.6283491314035706,0.651306122110873,0.6591180732046849,0.4733200006194396,0.4733200006194397
2023-03-21,0.532454788684845,0.5429724578008863,0.5374705573072939,0.542842098992554,0.39016934238341716,0.3901693423834171
2023-03-22,0.5154511332511902,0.5159980793988349,0.5015047194378921,0.518927489155432,0.4076051420666487,0.4076051420666487
2023-03-23,0.7097286581993103,0.598282585424767,0.6112173941391349,0.617076416065828,0.4402448802612392,0.4402448802612392
2023-03-24,0.6810285449028015,0.5970661453858381,0.6095954740872297,0.6094633767641713,0.41982608587492165,0.41982608587492165
2023-03-27,0.5357378721237183,0.5475081371796818,0.5435181298123547,0.5579436736560455,0.4155086572156617,0.4155086572156617
2023-03-28,0.7164888381958008,0.5989653654532787,0.612127767510484,0.6196974856534476,0.44603085835244266,0.44603085835244266
2023-03-29,0.8854523301124573,0.6530157472935674,0.6841949432975354,0.682422731921999,0.46963351506796375,0.46963351506796375
2023-03-30,0.49879851937294006,0.5423912363174896,0.5366955953294318,0.5419077944559777,0.3845655128072328,0.3845655128072328
2023-03-31,0.10858049988746643,0.4240660368554867,0.37892866271342784,0.3875102473021823,0.29484770824717477,0.29484770824717477
2023-04-03,0.7100681662559509,0.5923001713854412,0.6032408420867005,0.6102555565412686,0.4408924146448215,0.4408924146448215
2023-04-04,0.22798015177249908,0.45620337195419225,0.42177844284503524,0.42481574201640565,0.3092777427612354,0.3092777427612353
2023-04-05,0.8690893650054932,0.6505980002937415,0.680971280631101,0.6727516975227412,0.4491636910516972,0.4491636910516972
2023-04-06,0.4081508219242096,0.518565830236862,0.5049283872219282,0.5032633790153772,0.3455550185815727,0.34555501858157267
2023-04-10,0.7682009339332581,0.624731666042032,0.6464828349621549,0.6448683603340071,0.44042337385901403,0.44042337385901403
2023-04-11,0.5582411289215088,0.5503019791736159,0.5472432524709334,0.5517748348786137,0.3947490424878549,0.3947490424878549
2023-04-12,0.6039988398551941,0.5659993901378527,0.5681731337565825,0.5739714666890209,0.4110332863813978,0.4110332863813978
2023-04-13,0.8170775175094604,0.6186807927016658,0.6384150038416666,0.6414365901761163,0.4576438901554006,0.4576438901554006
2023-04-14,0.5379710793495178,0.5544096026608183,0.5527200837872033,0.5438471278914969,0.3600340374058555,0.3600340374058555
2023-04-17,0.9024348855018616,0.6360775072405515,0.6616106232268476,0.663087321002662,0.47391379044033616,0.47391379044033616
2023-04-18,0.5405256748199463,0.5459233945175006,0.5414051395961129,0.526225169616843,0.34201231333611753,0.34201231333611753
2023-04-19,0.2945711314678192,0.45833169149261044,0.42461620222959273,0.4284005371336379,0.3206908917212622,0.3206908917212622
2023-04-20,0.7316705584526062,0.5997211500779476,0.6131354803433756,0.6113050480545559,0.42420014382778726,0.42420014382778726
2023-04-21,0.8019130825996399,0.6002856893233919,0.6138881993373014,0.6224713988667467,0.4624232764305584,0.4624232764305584
2023-04-24,0.5895190238952637,0.5430770032579315,0.5376099512500211,0.5400451093178332,0.39127347674276325,0.39127347674276325
2023-04-25,0.5423034429550171,0.5502546741214642,0.5471801790680646,0.5480238527188455,0.38309028853660726,0.38309028853660726
2023-04-26,0.8986719846725464,0.645446516214212,0.6741026351917281,0.6803234044032274,0.4897090317525666,0.4897090317525667
2023-04-27,0.8196553587913513,0.6035092474294335,0.6181862768120235,0.6266311570438923,0.46612513139071277,0.46612513139071277
2023-04-28,0.6320337057113647,0.5621492859668035,0.5630396615285168,0.5731696686617538,0.4249024304159894,0.42490243041598946
2023-05-01,0.5586820244789124,0.5388651516351012,0.5319941490862472,0.5350829291570546,0.38670787923866556,0.38670787923866556
2023-05-02,0.5229801535606384,0.5569878212467909,0.5561577085685,0.5531107781490708,0.37317140988730585,0.37317140988730585
2023-05-03,0.38920846581459045,0.48772615289777277,0.4638088174364759,0.472372718983082,0.35600195748591273,0.35600195748591273
2023-05-04,0.6469664573669434,0.5929803229199482,0.6041477107993765,0.5957891746666955,0.421501149922545,0.421501149922545
2023-05-05,0.7738742232322693,0.5910330135942743,0.6015512983651446,0.6085902336984739,0.45723415483087637,0.45723415483087637
2023-05-08,0.7746114730834961,0.6065352309537974,0.6222209215111754,0.6180363793423496,0.44207756136485893,0.44207756136485893
2023-05-09,0.799789547920227,0.5893139079872545,0.5992591575557847,0.6053829512101256,0.44898286105041785,0.44898286105041774
2023-05-10,0.30043378472328186,0.468768466152109,0.43853190177559087,0.4471077559247583,0.3370823095328501,0.3370823095328501
2023-05-11,0.6119368076324463,0.5757451647401726,0.581167499893009,0.5850108868902327,0.44075189061326625,0.44075189061326636
2023-05-12,0.6130150556564331,0.5809253309313445,0.5880743881479048,0.5845248229395127,0.42350587612123003,0.42350587612123003
2023-05-15,0.270416259765625,0.44297993135933,0.4041471887185522,0.4119673049933017,0.3044125493848976,0.30441254938489754
2023-05-16,0.2686023712158203,0.45215824501247015,0.4163849402560724,0.42471417680077966,0.31766212238313435,0.31766212238313435
2023-05-17,0.39394980669021606,0.46876944763443235,0.4385332104186887,0.45763498731511987,0.3607652789580814,0.3607652789580814
2023-05-18,0.44662994146347046,0.49904158303717977,0.4788960576223518,0.4956065093020172,0.38991863594367154,0.38991863594367154
2023-05-19,0.45746833086013794,0.5213010518899746,0.5085753494260783,0.5226779006902968,0.4118835464835397,0.4118835464835397
2023-05-22,0.836521565914154,0.6197282527279732,0.6398116172100764,0.642770549175165,0.47914718134799716,0.47914718134799716
2023-05-23,0.7756759524345398,0.6035126170045159,0.6181907695788,0.6198428270345614,0.45717031702872407,0.45717031702872407
2023-05-24,0.6114141941070557,0.5682800937977095,0.5712140719697248,0.570389960777889,0.41451055550280574,0.41451055550280574
2023-05-25,0.6999165415763855,0.5801231765551974,0.5870048489797088,0.5910565076458001,0.43884622339048773,0.4388462233904877
2023-05-26,0.573307454586029,0.5314093030209803,0.5220530176007526,0.5347801431047029,0.4102004722173069,0.4102004722173068
2023-05-30,0.375047892332077,0.5029288726997974,0.484079110505842,0.4898931767293627,0.36746852047176937,0.36746852047176937
2023-05-31,0.4885118901729584,0.5379061242465738,0.530715445901544,0.5296651716103846,0.3829992823276694,0.3829992823276694
2023-06-01,0.8818318247795105,0.6087934837645035,0.6252319252587837,0.6318278984303719,0.47069737317446303,0.47069737317446303
2023-06-02,0.20457646250724792,0.43199239892079644,0.3894971454671741,0.40358808808819535,0.3145771310541842,0.3145771310541842
2023-06-05,0.6533690094947815,0.5943138163561121,0.605925702047595,0.6007143632723844,0.4332394303497291,0.4332394303497291
2023-06-06,0.6813955903053284,0.5852893626677271,0.5938930971297484,0.5912696684202772,0.42595958664593275,0.42595958664593275
2023-06-07,0.8373122811317444,0.62290026058318,0.6440409610170189,0.6430247976300374,0.47027088546689405,0.470270885466894
2023-06-08,0.747768759727478,0.602261624366522,0.6165227793948082,0.6208318308385559,0.4671753563341869,0.4671753563341869
2023-06-09,0.9765173196792603,0.6755105120010432,0.7141879629075031,0.7131458867439503,0.5333256008643295,0.5333256008643295
2023-06-12,0.7428815364837646,0.5899405636460016,0.6000946984341143,0.6036847425199141,0.4472098261409654,0.4472098261409653
2023-06-13,0.3700582683086395,0.4826584257274731,0.4570518478760763,0.4607989200199366,0.33431359163641045,0.33431359163641045
2023-06-14,0.7914911508560181,0.6087423764872248,0.625163782222412,0.633107904479212,0.4845159846504122,0.4845159846504122
2023-06-15,0.5885273218154907,0.5400849188235797,0.5336205053375518,0.5395530242594468,0.3987880582263699,0.3987880582263699
2023-06-16,0.48525696992874146,0.5284152151456456,0.5180609004336397,0.5206800550472631,0.3818587361485869,0.3818587361485869
2023-06-20,0.7565013766288757,0.6059418454707464,0.6214297408671073,0.620334197771162,0.4534384242641855,0.4534384242641855
2023-06-21,0.9360275864601135,0.6578246560312403,0.6906068216144327,0.6827047687385308,0.48817625277519144,0.48817625277519133
2023-06-22,0.7251273393630981,0.5882247223838573,0.5978069100845887,0.5977106506136074,0.4341840475497129,0.43418404754971285
2023-06-23,0.952038586139679,0.6812817020479492,0.7218828829700445,0.718355749939932,0.535922356405683,0.535922356405683
2023-06-26,0.9584647417068481,0.6818443259796468,0.722633048212308,0.72280879452299,0.5485696356900851,0.5485696356900852
2023-06-27,0.7686094641685486,0.593008548242232,0.6041853445624216,0.608838688865589,0.4526308898368359,0.4526308898368358
2023-06-28,0.6614133715629578,0.569397935889591,0.5727045280922335,0.574004034453,0.418095567664422,0.4180955676644219
2023-06-29,0.7778000235557556,0.6071911708701078,0.6230955080662559,0.6275213844971126,0.4717220965452864,0.4717220965452864
2023-06-30,0.7016901969909668,0.5846340363614655,0.5930193287213995,0.5907693970713992,0.42420197353084316,0.42420197353084316
2023-07-03,0.6053776741027832,0.5500090620983951,0.5468526963706389,0.5568140341888281,0.42453207677536753,0.42453207677536753
2023-07-05,0.5697210431098938,0.5411620525116538,0.5350566835883174,0.536991122719599,0.38919855451233937,0.38919855451233937
2023-07-06,0.7097416520118713,0.5865232432306511,0.595538271213647,0.5960046847763687,0.43515869545680663,0.43515869545680663
2023-07-07,0.8541608452796936,0.631380850840961,0.6553484146940601,0.6592744145898066,0.4977877316919809,0.4977877316919809
2023-07-10,0.9610649943351746,0.6626422757389725,0.6970303145580757,0.6957274893568459,0.5150963255990376,0.5150963255990376
2023-07-11,0.7012602090835571,0.5791921606011121,0.5857634943742617,0.5908388123495464,0.440781000125259,0.440781000125259
2023-07-12,0.7908783555030823,0.6067290806077976,0.622479387716509,0.6266836744743909,0.46894483556781114,0.46894483556781114
2023-07-13,0.715602695941925,0.5815750976876192,0.5889407438229378,0.593771612683133,0.4419668590633264,0.4419668590633264
2023-07-14,0.7614781856536865,0.6018015461211286,0.6159093417342837,0.6177494916290526,0.45675602765342455,0.45675602765342443
2023-07-17,0.5657839179039001,0.53025991087777,0.5205204947431389,0.5367622600932652,0.4209023500310058,0.4209023500310058
2023-07-18,0.8882462382316589,0.6141655298829489,0.6323946534167108,0.6396094508771566,0.48003862792959673,0.48003862792959673
2023-07-19,0.8922995328903198,0.6326021578716623,0.6569768240683287,0.6589531457868245,0.48902610588265105,0.48902610588265105
2023-07-20,0.6201422810554504,0.5597761376625161,0.5598754637894668,0.5667544432157079,0.42689637592670276,0.42689637592670276
2023-07-21,0.6326760649681091,0.5586454079165752,0.5583678241282127,0.5630866810126931,0.4168484217188137,0.4168484217188137
2023-07-24,0.6822465658187866,0.5445848787404597,0.5396204518933917,0.5585218500996917,0.4386635609234919,0.4386635609234919
2023-07-25,0.871968150138855,0.6254076208370256,0.6473841080221464,0.6529694970440415,0.49276729863711116,0.49276729863711116
2023-07-26,0.5921262502670288,0.55551471213939,0.5541935630919655,0.5580683766859065,0.4136520926753098,0.4136520926753098
2023-07-27,0.3343012034893036,0.46685657046310314,0.4359827075235831,0.4481265434863751,0.3422779926581421,0.3422779926581421
2023-07-28,0.2756637930870056,0.43484693422480597,0.39330319253918683,0.4129244932210849,0.3282177583578156,0.3282177583578156
2023-07-31,0.24778975546360016,0.4329712048227366,0.39080222000309434,0.4076839224512296,0.32016696357183044,0.3201669635718304
2023-08-01,0.2716008126735687,0.45623874148367005,0.42182560221767235,0.4299452263048293,0.3220119222754799,0.32201192227547987
2023-08-02,0.6960253715515137,0.5914380414803189,0.6020913355465374,0.6084125078849494,0.4634080797328596,0.4634080797328596
2023-08-03,0.8260468244552612,0.6131129498957023,0.6309912134337153,0.6355140174169024,0.4757869064703069,0.4757869064703069
2023-08-04,0.8656391501426697,0.6408419800099898,0.6679632535860986,0.6703495371076347,0.5053318902517524,0.5053318902517524
2023-08-07,0.9424517750740051,0.6566154531137092,0.6889945510577244,0.6890921802081507,0.5128861914109335,0.5128861914109335
2023-08-08,0.38574570417404175,0.502821009699729,0.4839352931724177,0.4920518665292949,0.373581674426904,0.373581674426904
2023-08-09,0.8467580080032349,0.6305193318626232,0.6541997227229431,0.6550167289156161,0.48672851964387526,0.48672851964387526
2023-08-10,0.823761522769928,0.6239218695046496,0.645403106245645,0.650086145592994,0.4924976363158888,0.4924976363158888
2023-08-11,0.5392154455184937,0.5320024596502446,0.5228438931064382,0.5309537858937424,0.3993335091833846,0.3993335091833846
2023-08-14,0.7888556122779846,0.6107735118329093,0.6278719626833246,0.6293128412688133,0.46575191603561616,0.46575191603561616
2023-08-15,0.9705848097801208,0.6785859161506826,0.718288501773689,0.7129967426021465,0.5240776695295787,0.5240776695295787
2023-08-16,0.8657693266868591,0.639604236599381,0.6663129290386203,0.6676378900220694,0.49988850308528665,0.49988850308528665
2023-08-17,0.843606173992157,0.6422821887245677,0.6698835318722024,0.6693269774294422,0.4997435426365091,0.4997435426365091
2023-08-18,0.8167470693588257,0.6399651493651697,0.6667941460596719,0.6651028113796372,0.495249947943495,0.495249947943495
2023-08-21,0.9661897420883179,0.6834129480945754,0.7247245443655462,0.7166523143932906,0.5222172521674872,0.5222172521674872
2023-08-22,0.9827083945274353,0.6842294781758698,0.7258132511406052,0.7179774547132683,0.5225155802634084,0.5225155802634084
2023-08-23,0.798456072807312,0.6071594486664222,0.6230532117946752,0.6365696537661308,0.5003763143625749,0.5003763143625749
2023-08-24,0.6514585018157959,0.5624718772131629,0.5634697831903295,0.5763774718120542,0.44776921014267296,0.44776921014267296
2023-08-25,0.4610140919685364,0.513248368778655,0.49783843861098553,0.5047049025054112,0.37672743977607137,0.37672743977607137
2023-08-28,0.7742855548858643,0.6086374019724323,0.6250238162026888,0.6290182447348934,0.47275135216894554,0.47275135216894554
2023-08-29,0.6575645804405212,0.5657765508620477,0.5678760147221759,0.5820351572561493,0.4561845321522928,0.4561845321522928
2023-08-30,0.3682563602924347,0.5137250823872239,0.49847405675574413,0.5044885028536499,0.38370751218460963,0.38370751218460963
2023-08-31,0.5222780704498291,0.5310203868776591,0.5215344627429909,0.5259823855788214,0.38775249102898707,0.38775249102898707
2023-09-01,0.5662292838096619,0.5483931387192681,0.5446981318651364,0.5467898046715767,0.4612016235637322,0.4612016235637322
2023-09-05,0.17879275977611542,0.4365633186090456,0.3955917050515065,0.40011830156889355,0.33253471543402313,0.3325347154340231
2023-09-06,0.6239069104194641,0.5664054894336954,0.5687145994843728,0.564150335688247,0.4758357474953791,0.475835747495379
2023-09-07,0.7433643341064453,0.5867892066044629,0.5958928890453962,0.6005399892087543,0.5507663913001282,0.5507663913001282
2023-09-08,0.8085405826568604,0.614886843708587,0.6333564051842284,0.6353510703288889,0.5532942036839785,0.5532942036839785
2023-09-11,0.5073068737983704,0.5383807474330089,0.5313482768167909,0.5284825424229052,0.4243932054529623,0.4243932054529622
2023-09-12,0.675336480140686,0.5868725943745832,0.5960040727388898,0.5971374640745325,0.4846170045657468,0.4846170045657468
2023-09-13,0.567624568939209,0.5420781360051239,0.5362781282462774,0.5478648456934672,0.479520375225614,0.479520375225614
2023-09-14,0.5116178393363953,0.5170357859265315,0.5028883281414875,0.5121794570201342,0.4772888364995457,0.47728883649954545
2023-09-15,0.2511085867881775,0.45848789617131225,0.4248244751345285,0.4338838257065879,0.35522495648213215,0.35522495648213215
2023-09-18,0.6218248009681702,0.5608185014576731,0.5612652821830096,0.5744301087389396,0.4928100920385936,0.4928100920385936
2023-09-19,0.42628151178359985,0.51587601900845,0.5013419722507123,0.4998200754417158,0.3955856536709953,0.3955856536709952
2023-09-20,0.5186247229576111,0.53993691352649,0.5334231649414323,0.5347939486782324,0.43350076667109905,0.433500766671099
2023-09-21,0.6892310976982117,0.6057942752540905,0.6212329805782328,0.6228188431303543,0.4588306975668189,0.45883069756681893
2023-09-22,0.5716028809547424,0.562697878479763,0.563771118212463,0.5614110848445016,0.4350574836863196,0.4350574836863196
2023-09-25,0.8458366394042969,0.6395282817466321,0.6662116559016217,0.6632385337361455,0.5356889107164406,0.5356889107164408
2023-09-26,0.9473620653152466,0.7030593023676514,0.750919683396314,0.7375259555770954,0.49609053341478737,0.4960905334147875
2023-09-27,0.8781741857528687,0.6703849895894912,0.7073539330254338,0.7015226823261693,0.5012626144644869,0.501262614464487
2023-09-28,0.652338981628418,0.6063987314308472,0.6220389221472417,0.6193674707051693,0.4212869220908711,0.4212869220908711
2023-09-29,0.7233359813690186,0.6068498041115926,0.6226403523882357,0.6258532181964014,0.4896585473841938,0.4896585473841938
2023-10-02,0.8586587905883789,0.6590944762731011,0.692299915270247,0.6921242194716017,0.5084917675575038,0.5084917675575039
2023-10-03,0.7774790525436401,0.6459939280508022,0.6748325176405153,0.6698068741301317,0.4565758213395491,0.45657582133954916
2023-10-04,0.5971417427062988,0.5920519266671767,0.6029098491290145,0.6052024598722019,0.401292736912865,0.4012927369128651
2023-10-05,0.789347767829895,0.6386368829041584,0.6650231241116568,0.6683940477441661,0.48652121313807417,0.48652121313807417
2023-10-06,0.6031835079193115,0.5718389971613504,0.5759592764545794,0.5871499583432087,0.45153699434298794,0.451536994342988
2023-10-09,0.5022072196006775,0.5506592552951329,0.5477196206329561,0.5487366691838846,0.39660010081489344,0.39660010081489344
2023-10-10,0.6629652380943298,0.5825375634767536,0.5902240315417836,0.5927349665138882,0.4824258400185984,0.4824258400185984
2023-10-11,0.7855024337768555,0.6251940444652718,0.6470993395264747,0.6457157633807299,0.5087863585483018,0.5087863585483019
2023-10-12,0.6734607815742493,0.5843174483147648,0.5925972113257987,0.5941289898210228,0.48830010080588737,0.48830010080588737
2023-10-13,0.5162661671638489,0.5340497921982729,0.5255736698371427,0.533027895988337,0.4458260189089277,0.4458260189089277
2023-10-16,0.5191096067428589,0.5339508028098179,0.5254416839858695,0.5291719404211012,0.44717083543052577,0.44717083543052566
2023-10-17,0.7167815566062927,0.5946082060198239,0.6063182215992107,0.606109628383894,0.5074105500760481,0.5074105500760481
2023-10-18,0.7894237637519836,0.6196369788924316,0.6396899187626878,0.6382497477735303,0.5240096160925389,0.5240096160925389
2023-10-19,0.32480549812316895,0.4803085782511463,0.45391871790764066,0.46090139476415004,0.3774374178076107,0.37743741780761064
2023-10-20,0.6659145355224609,0.5843812235523135,0.5926822449758636,0.5982717601379396,0.4826840460736357,0.4826840460736358
2023-10-23,0.712883472442627,0.6047737516046663,0.6198722823790006,0.6275869588625254,0.48590260908430416,0.48590260908430427
2023-10-24,0.4409955143928528,0.5327223987556776,0.5238038119136824,0.5269011597768266,0.37751479949133027,0.3775147994913303
2023-10-25,0.8845136165618896,0.6580772271843844,0.6909435831519581,0.6830604588474649,0.5319423235402112,0.5319423235402112
2023-10-26,0.8830251097679138,0.6727111665842611,0.7104555023517937,0.7069377303376065,0.5020097033092535,0.5020097033092535
2023-10-27,0.6202650666236877,0.5940148582524336,0.6055270912426903,0.6013227692547864,0.4159966774813228,0.41599667748132285
2023-10-30,0.669642984867096,0.6088653450909224,0.6253277403606753,0.6236684733818761,0.43279320750639344,0.43279320750639355
2023-10-31,0.5932333469390869,0.5846379711681414,0.5930245751303008,0.5963923716853199,0.4129941069157979,0.4129941069157979
2023-11-01,0.6220138669013977,0.591793757452024,0.6025656235088109,0.6051159191743778,0.4248499355342419,0.4248499355342419
2023-11-02,0.26571112871170044,0.46671045068843475,0.4357878811573586,0.44782726068634243,0.35344846096124755,0.3534484609612475
2023-11-03,0.2837681174278259,0.47609435648201365,0.44829975554879714,0.4575805244112526,0.3502975419003991,0.3502975419003991
2023-11-06,0.338279128074646,0.49878196365682853,0.47854989844855034,0.4856752698981617,0.35380999296769167,0.3538099929676917
2023-11-07,0.646291971206665,0.5963272795351967,0.6086103196197078,0.6057916927816984,0.4360726240082003,0.4360726240082004
2023-11-08,0.5044412612915039,0.5579491217971675,0.5574394426356689,0.5580922594194198,0.38407492997385156,0.3840749299738516
2023-11-09,0.38990166783332825,0.5033515284647291,0.4846426515257509,0.49527322049931866,0.39220127468407445,0.39220127468407445
2023-11-10,0.2557813227176666,0.48337184522107823,0.45800307386754985,0.4597904624127486,0.3106485793390464,0.3106485793390464
2023-11-13,0.5605403780937195,0.5276461581635763,0.5170354911242139,0.5256915274081058,0.5015100002687151,0.501510000268715
2023-11-14,0.4120807349681854,0.5050365919490057,0.4868894028381199,0.4944856706388845,0.4078792843862824,0.40787928438628235
2023-11-15,0.6562237739562988,0.5739687252086769,0.5787989138510149,0.5886913942797695,0.4968651716856633,0.4968651716856633
2023-11-16,0.5651753544807434,0.569403540867822,0.5727120013965415,0.5702641416792179,0.4154403030380206,0.4154403030380206
2023-11-17,0.7631763219833374,0.6407516381932323,0.667842797830422,0.6670757889025524,0.4556345481017751,0.45563454810177517
2023-11-20,0.7127309441566467,0.6013654647297718,0.6153278998791413,0.6192309719924425,0.49124384420975636,0.49124384420975636
2023-11-21,0.20412889122962952,0.44999300468541537,0.4134979531533327,0.4227919944170722,0.33093968508039173,0.3309396850803917
2023-11-22,0.5660977959632874,0.5494221550102518,0.546070153586448,0.5544126960277904,0.4615389905901403,0.4615389905901403
2023-11-24,0.7351464033126831,0.5901411951021791,0.600362207042351,0.6132954830232116,0.539533133765461,0.539533133765461
2023-11-27,0.7970952391624451,0.6256142070782591,0.647659556343791,0.6537318394512948,0.5220273971346293,0.5220273971346293
2023-11-28,0.8584009408950806,0.6564265085886016,0.6887426250242479,0.6900381826659201,0.5143935239646008,0.5143935239646009
2023-11-29,0.7298057675361633,0.5987850582191643,0.6118873578649978,0.623364514224021,0.5159829996225667,0.5159829996225667
2023-11-30,0.6883898973464966,0.5900446390082055,0.6002334655837195,0.6163967029828649,0.4966942544930738,0.4966942544930739
2023-12-01,0.620957612991333,0.5681938280737071,0.5710990510043884,0.5823343924324,0.4758914658055647,0.4758914658055647
2023-12-04,0.6151958703994751,0.561783354395791,0.5625517527671667,0.5714294686123311,0.48272601968242085,0.48272601968242085
2023-12-05,0.633758544921875,0.5666789977838712,0.5690792772846072,0.5825921304869291,0.49213908002179413,0.49213908002179413
2023-12-06,0.18718476593494415,0.4595735711495363,0.42627204177216055,0.42639811687835305,0.2966716357813565,0.2966716357813565
2023-12-07,0.5302196741104126,0.5442841887326186,0.5392195318829369,0.5434143429107999,0.43662493448724293,0.43662493448724293
2023-12-08,0.5263723731040955,0.5355445553494187,0.5275666873720039,0.5426188990606502,0.45540052015719756,0.45540052015719756
2023-12-11,0.3057807385921478,0.47321835831568215,0.44446509132702167,0.45086402101994,0.3740429997852652,0.3740429997852652
2023-12-12,0.5549131631851196,0.5356983741359178,0.5277717790873359,0.5401212975929465,0.4809896728897765,0.4809896728897764
2023-12-13,0.34538137912750244,0.47680917884578544,0.44925285203382614,0.45660061477943426,0.40311443509429323,0.4031144350942931
2023-12-14,0.17574858665466309,0.4387767144475156,0.3985428995027997,0.41194155771835655,0.3291708274009283,0.3291708274009283
2023-12-15,0.298326700925827,0.4769537962306237,0.4494456752136105,0.4582518362206654,0.3611731182551944,0.3611731182551943
2023-12-18,0.4731322228908539,0.5153940991278997,0.5006994124099785,0.5138626071810554,0.4459042687287855,0.4459042687287855
2023-12-19,0.5213316082954407,0.5215685317048526,0.5089319891792491,0.5181183868454019,0.47707465479695993,0.4770746547969599
2023-12-20,0.6025329232215881,0.5714487880708452,0.5754389976672392,0.5752524842573425,0.44704196895234916,0.44704196895234916
2023-12-21,0.09406615793704987,0.40586353869618197,0.3546586651676882,0.3633260105187632,0.3192430176289074,0.31924301762890733
2023-12-22,0.33312666416168213,0.477228707462711,0.4498122235230602,0.45338161966040785,0.38962401037775324,0.3896240103777532
2023-12-26,0.41857123374938965,0.5019352359778344,0.4827542615432247,0.4884273441819805,0.4193362469147588,0.4193362469147586
2023-12-27,0.6390101313591003,0.5594023664818922,0.5593771022153019,0.5659476307834591,0.5093481290661385,0.5093481290661384
2023-12-28,0.5674099326133728,0.5391369409467343,0.5323565348350913,0.5299150157839444,0.47958546575562394,0.47958546575562383
2023-12-29,0.47012871503829956,0.5278902699836545,0.5173609735509851,0.51967868411644,0.4132702711248009,0.4132702711248009
